Quotation Expecting Day,Customer Name,Part Number,Product Name,Product Category,Quantity
2025-06-17,Lanka Hospitals Diagnostics (Pvt) Ltd,B22804,VERSACOMP ANTIBODY CAPTURE BEAD KIT,FLOWCYTOMETRY,1.0
2025-06-17,Lanka Hospitals Diagnostics (Pvt) Ltd,2523749,FLOWCYTOMETRY TUBES (250 PER PCKTS ),FLOWCYTOMETRY,4.0
2025-06-17,Lanka Hospitals Diagnostics (Pvt) Ltd,B43611,AQUIOS FLOW COUNT FLUOROSPHERES (100TEST),FLOWCYTOMETRY,1.0
2025-06-17,Lanka Hospitals Diagnostics (Pvt) Ltd,A07803,INTRAPREP PERMEABILIZATION REAGENT 150T CE,FLOWCYTOMETRY,2.0
2025-06-17,Lanka Hospitals Diagnostics (Pvt) Ltd,A11895,OPTI LYSE C200TESTS CE,FLOWCYTOMETRY,2.0
2025-06-17,Lanka Hospitals Diagnostics (Pvt) Ltd,8546859,ISOFLOW SHEATH FLUID( 1X 10 L ),FLOWCYTOMETRY,10.0
2025-06-17,Lanka Hospitals Diagnostics (Pvt) Ltd,B36291,"ANTI-HLA-DR-PACIFIC BLUE, 50 TESTS, IVD CE",FLOWCYTOMETRY,1.0
2025-06-17,Lanka Hospitals Diagnostics (Pvt) Ltd,B36294,"CD45-KROME ORANGE, 100 TESTS, IVD CE",FLOWCYTOMETRY,4.0
2025-06-17,Lanka Hospitals Diagnostics (Pvt) Ltd,B49210,"CD2-APC, 100 TESTS, IVD CE",FLOWCYTOMETRY,1.0
2025-06-17,Lanka Hospitals Diagnostics (Pvt) Ltd,IM2471,"CD33-APC, 100T IVD CE",FLOWCYTOMETRY,1.0
2025-06-17,Lanka Hospitals Diagnostics (Pvt) Ltd,B06498,"CD22-PACIFIC BLUE, 0.5ML ASR",FLOWCYTOMETRY,1.0
2025-06-17,Lanka Hospitals Diagnostics (Pvt) Ltd,A21692,CD56-PC7 100T CE,FLOWCYTOMETRY,1.0
2025-06-17,Lanka Hospitals Diagnostics (Pvt) Ltd,A21691,CD34-PC7 100T IVD CE,FLOWCYTOMETRY,1.0
2025-06-17,Lanka Hospitals Diagnostics (Pvt) Ltd,B49191,"CD5-PC5.5, 50 TESTS, CE-IVD",FLOWCYTOMETRY,1.0
2025-06-17,Lanka Hospitals Diagnostics (Pvt) Ltd,B96754,"CD117-PC5.5, 50 TESTS IVD CE",FLOWCYTOMETRY,1.0
2025-06-17,Lanka Hospitals Diagnostics (Pvt) Ltd,B23132,"ANTI-MYELOPEROXYDASE-PC5.5, 0.5ML ASR",FLOWCYTOMETRY,1.0
2025-06-17,Lanka Hospitals Diagnostics (Pvt) Ltd,B49182,"CD8-PACIFIC BLUE, 50 TESTS, IVD CE",FLOWCYTOMETRY,1.0
2025-06-17,Lanka Hospitals Diagnostics (Pvt) Ltd,B92391,"CD14-ECD, 100T CE",FLOWCYTOMETRY,1.0
2025-06-17,Lanka Hospitals Diagnostics (Pvt) Ltd,A07770,CD19-ECD 100T IVD CE,FLOWCYTOMETRY,2.0
2025-06-17,Lanka Hospitals Diagnostics (Pvt) Ltd,A07748,CD3 ECD,FLOWCYTOMETRY,2.0
2025-06-17,Lanka Hospitals Diagnostics (Pvt) Ltd,B96769,"CD64-APC-ALEXA FLUOR 750, 50 TESTS IVD CE",FLOWCYTOMETRY,1.0
2025-06-17,Lanka Hospitals Diagnostics (Pvt) Ltd,B16892,"CD7-APC-ALEXA FLUOR 750, 0.5ML ASR",FLOWCYTOMETRY,1.0
2025-06-17,Lanka Hospitals Diagnostics (Pvt) Ltd,A54822,CD1 LB-PC7-1ML ASR,FLOWCYTOMETRY,1.0
2025-06-17,Lanka Hospitals Diagnostics (Pvt) Ltd,B49200,"CD38-APC-ALEXA FLOUR 750, 50 TESTS, IVD CE",FLOWCYTOMETRY,1.0
2025-06-17,Lanka Hospitals Diagnostics (Pvt) Ltd,A07762,CD13-RPE100T CE,FLOWCYTOMETRY,1.0
2025-06-17,Lanka Hospitals Diagnostics (Pvt) Ltd,B10824,"CD4-APC-ALEXA FLUOR 700, 0.5ML ASR",FLOWCYTOMETRY,1.0
2025-06-17,Lanka Hospitals Diagnostics (Pvt) Ltd,B25330,"CD1A-FITC, 1ML, ASR",FLOWCYTOMETRY,1.0
2025-06-17,Lanka Hospitals Diagnostics (Pvt) Ltd,IM3524,PMAB TDT (POOL)FITC50T,FLOWCYTOMETRY,1.0
2025-06-17,Lanka Hospitals Diagnostics (Pvt) Ltd,B36298,"CD15-FITC, 100 TESTS, IVD CE",FLOWCYTOMETRY,1.0
2025-06-17,Lanka Hospitals Diagnostics (Pvt) Ltd,B92400,"CD10-APC, 100T IVD CE",FLOWCYTOMETRY,1.0
2025-06-17,Lanka Hospitals Diagnostics (Pvt) Ltd,C48093,"FLOW CLEAN IVD, 500ML - EU",FLOWCYTOMETRY,1.0
2025-06-17,Lanka Hospitals Diagnostics (Pvt) Ltd,C15623,"ANTI-KAPPA-FITC (GOAT POLYCLONAL), 2ML ASR",FLOWCYTOMETRY,1.0
2025-06-17,Lanka Hospitals Diagnostics (Pvt) Ltd,C15189,"ANTI-LAMBDA-PE (GOAT POLYCLONAL), 2ML ASR",FLOWCYTOMETRY,1.0
2025-06-17,Lanka Hospitals Diagnostics (Pvt) Ltd,B92472,"CD200-PC7, 50T IVD CE",FLOWCYTOMETRY,1.0
2025-06-17,Lanka Hospitals Diagnostics (Pvt) Ltd,A93689,"CD23-PACIFIC BLUE, 0.5ML ASR",FLOWCYTOMETRY,1.0
2025-06-17,Lanka Hospitals Diagnostics (Pvt) Ltd,B21445,"CD79B-PC5.5, 0.5ML ASR",FLOWCYTOMETRY,1.0
2025-06-17,Lanka Hospitals Diagnostics (Pvt) Ltd,A32535,"CD123-PE, 2ML ASR",FLOWCYTOMETRY,1.0
2025-06-17,Lanka Hospitals Diagnostics (Pvt) Ltd,B06204,"CD103-APC, 0.5ML ASR",FLOWCYTOMETRY,1.0
2025-06-17,Lanka Hospitals Diagnostics (Pvt) Ltd,A07791,FMC7-FITC 100T CE,FLOWCYTOMETRY,1.0
2024-08-14,National Hospital of Sri Lanka,00028873901,S/S ASSY 671NM LED/4 DIE,IL SPARES,1.0
2024-08-14,National Hospital of Sri Lanka,00028919201,S/S LOADER CUVETTE PUSHER MOTOR BELT,IL SPARES,1.0
2024-08-14,National Hospital of Sri Lanka,00028913601,BELT 6MM WIDE,IL SPARES,1.0
2024-08-14,National Hospital of Sri Lanka,00028919401,S/S LOADER X PORT MOTOR BELT,IL SPARES,1.0
2024-08-14,National Hospital of Sri Lanka,27512001,"S/S,PCB ORU INTERFACE",IL SPARES,1.0
2024-08-14,National Hospital of Sri Lanka,28760503,"TUBING ASSY,WASTE PUMP SALEABLE",IL SPARES,2.0
2024-08-14,National Hospital of Sri Lanka,00028856701,S/S/ ASSY BAND PASS FILTER 405NM,IL SPARES,1.0
2025-01-28,Base Hospital - Balapitiya,26315089,GEM 3/3.5K BG/ISE/GL150 TEST IQM PAK,BLOODGAS & ELECTROLYTE,1.0
2025-01-02,National Hospital of Sri Lanka,29400100,"CUVETTES (2400 CUVETTES-600 STRIPS,4CUVETTES/STRIP)",COAGULATION,25.0
2025-01-02,National Hospital of Sri Lanka,20302400,HEMOSIL RINSE SOLUTION 4L,COAGULATION,60.0
2025-01-02,National Hospital of Sri Lanka,0009832700,CRITICAL CARE/HEMOSIL CLEANING AGENT 80ML,COAGULATION,15.0
2025-01-02,National Hospital of Sri Lanka,9831700,CLEANING SOLUTION 500ML,COAGULATION,10.0
2025-01-02,R.D.H.S - Jaffna,66318,ISE REFERENCE- 4 X 1000 ML,BIOCHEMISTRY,1.0
2025-01-02,R.D.H.S - Jaffna,66320,ISE BUFFER- 4 X 2000 ML,BIOCHEMISTRY,3.0
2025-01-02,R.D.H.S - Jaffna,66319,ISE MID STANDARD- 4 X 2000 ML,BIOCHEMISTRY,3.0
2025-01-02,R.D.H.S - Jaffna,ODC0011,HDL-CHOLESTEROL CALIBRATOR- 2 X 3 ML,BIOCHEMISTRY,1.0
2025-01-02,R.D.H.S - Jaffna,ODC0012,LDL-CHOLESTEROL CALIBRATOR- 2 X 1 ML,BIOCHEMISTRY,1.0
2025-01-02,R.D.H.S - Jaffna,OSR0001,WASH SOLUTION- 6 X 2 L,BIOCHEMISTRY,2.0
2025-01-02,R.D.H.S - Jaffna,ODR3021,SERUM PROTEIN MULTI CALIBRATOR (LEVEL 1-6) 1X2 ML,BIOCHEMISTRY,1.0
2025-01-02,R.D.H.S - Jaffna,66300,SYSTEM CALIBRATOR- 20 X 5 ML,BIOCHEMISTRY,1.0
2025-01-02,R.D.H.S - Jaffna,66039,CLEANING SOLUTION- 6 X 500 ML,BIOCHEMISTRY,1.0
2025-01-02,R.D.H.S - Jaffna,66316,ISE HIGH SERUM STANDARD- 4 X 100 ML,BIOCHEMISTRY,1.0
2025-01-02,R.D.H.S - Jaffna,66317,ISE LOW SERUM STANDARD- 4 X 100 ML,BIOCHEMISTRY,1.0
2025-01-02,R.D.H.S - Jaffna,ODC0003,CONTROL SERUM 1- 20 X 5 ML,BIOCHEMISTRY,1.0
2025-01-02,R.D.H.S - Jaffna,ODC0004,CONTROL SERUM 2- 20 X 5 ML,BIOCHEMISTRY,1.0
2025-01-02,R.D.H.S - Jaffna,ODC0005,HDL/LDL CHOLESTEROL CONTROL SERUM,BIOCHEMISTRY,1.0
2025-01-02,R.D.H.S - Jaffna,ODC0014,ITA CONTROL SERUM 1- 6 X 2 ML,BIOCHEMISTRY,1.0
2025-01-02,R.D.H.S - Jaffna,ODC0015,ITA CONTROL SERUM 2- 6 X 2 ML,BIOCHEMISTRY,1.0
2025-01-02,R.D.H.S - Jaffna,ODC0016,ITA CONTROL SERUM 3- 6 X 2 ML,BIOCHEMISTRY,1.0
2025-01-02,R.D.H.S - Jaffna,66313,ISE NA+/K+ SELECTIVITY CHECK- 2 X 25 ML,BIOCHEMISTRY,1.0
2025-01-07,Base Hospital - Dambulla,26315089,GEM 3/3.5K BG/ISE/GL150 TEST IQM PAK,BLOODGAS & ELECTROLYTE,1.0
2025-01-03,Teaching Hospital - Karapitiya,00024001418,CONTRIL 9 CONTROL MULTI-PAK 3X10X2 ML,BLOODGAS & ELECTROLYTE,1.0
2025-01-03,Teaching Hospital - Karapitiya,26330089,GEM 3/3.5K BG/ISE/GL 300 TEST IQM PAK,BLOODGAS & ELECTROLYTE,8.0
2025-01-03,Teaching Hospital - Karapitiya,5508-IL,PRINTER PAPER,LOCAL-PURCHASE,15.0
2025-01-10,General Hospital (Teaching) Kandy,26330089,GEM 3/3.5K BG/ISE/GL 300 TEST IQM PAK,BLOODGAS & ELECTROLYTE,6.0
2025-01-09,R.D.H.S - Monaragala,26307589,GEM 3/3.5K BG/ISE/GL075 TEST IQM PAK,BLOODGAS & ELECTROLYTE,1.0
2025-01-09,Dr. Neville Fernando Teaching Hospital (NFTH),OSR6222,INORGANIC PHOSPHOROUS- R1 4X40 ML- R2 4X40 ML,BIOCHEMISTRY,1.0
2025-01-15,National Hospital of Sri Lanka,26330089,GEM 3/3.5K BG/ISE/GL 300 TEST IQM PAK,BLOODGAS & ELECTROLYTE,10.0
2025-01-15,National Hospital of Sri Lanka,26330089,GEM 3/3.5K BG/ISE/GL 300 TEST IQM PAK,BLOODGAS & ELECTROLYTE,10.0
2025-01-15,Durdans Hospital,MU919600,CL ELECTRODE AU480 ANALYZER,BIOCHEMISTRY,1.0
2025-01-15,Durdans Hospital,MU919500,K ELECTRODE AU480 ANALYZER,BIOCHEMISTRY,1.0
2025-01-15,Durdans Hospital,MU919400,NA ELECTRODE AU480 ANALYZER,BIOCHEMISTRY,1.0
2025-01-15,Durdans Hospital,MU919700,REFERENCE ELECTRODE AU480 ANALYZER,BIOCHEMISTRY,1.0
2025-01-15,General Hospital (Teaching) Jaffna,26330089,GEM 3/3.5K BG/ISE/GL 300 TEST IQM PAK,BLOODGAS & ELECTROLYTE,4.0
2025-01-17,National Hospital of Sri Lanka,OSR61205,UIBC,BIOCHEMISTRY,1.0
2025-01-17,National Hospital of Sri Lanka,OSR6159,C3(COMPLEMENT 3),BIOCHEMISTRY,1.0
2025-01-17,National Hospital of Sri Lanka,OSR6160,C4 (COMPEMENT 4),BIOCHEMISTRY,1.0
2025-01-17,National Hospital of Sri Lanka,66319,ISE MID STANDARD- 4 X 2000 ML,BIOCHEMISTRY,15.0
2025-01-17,National Hospital of Sri Lanka,OSR6186,IRON- R1 4 X 15 ML- R2 4 X 15 ML,BIOCHEMISTRY,2.0
2025-01-17,National Hospital of Sri Lanka,OSR6122,INORGANIC PHOSPHOROUS- R1 4X15 ML- R2 4X15 ML,BIOCHEMISTRY,2.0
2025-01-17,National Hospital of Sri Lanka,OSR60135,D-DIMER REAGENT,BIOCHEMISTRY,2.0
2025-01-17,National Hospital of Sri Lanka,OSR6134,UREA- R1 4 X 25 ML- R2 4 X 25 ML,BIOCHEMISTRY,5.0
2025-01-17,National Hospital of Sri Lanka,OSR6132,TP (TOTAL PROTEIN) REAGENT- 4 X 25 ML & 4 X 25 ML,BIOCHEMISTRY,5.0
2025-01-17,National Hospital of Sri Lanka,OSR6102,ALB (ALBUMIN) REAGENT- 4 X 29 ML,BIOCHEMISTRY,5.0
2025-01-17,National Hospital of Sri Lanka,OSR6189,MAGNESIUM- R1 4 X 40 ML,BIOCHEMISTRY,5.0
2025-01-17,National Hospital of Sri Lanka,OSR6212,TBIL (TOTAL BILIRUBIN) REA- 4 X 40 ML & 4 X 40 ML,BIOCHEMISTRY,5.0
2025-01-17,National Hospital of Sri Lanka,OSR6147,CRP- R1 4 X 14 ML- R2 4 X 6 ML,BIOCHEMISTRY,20.0
2025-01-17,National Hospital of Sri Lanka,OSR6178,CREATININE- R1 4 X 51 ML- R2 4 X 51 ML,BIOCHEMISTRY,20.0
2025-01-17,National Hospital of Sri Lanka,OSR6179,CK (NAC)- R1-1 4X22 ML- R1-2 4X4 ML- R2 4X6 ML,BIOCHEMISTRY,3.0
2025-01-17,National Hospital of Sri Lanka,OSR6020,GGT- R1 4 X 18 ML- R2 4 X 18 ML,BIOCHEMISTRY,2.0
2025-01-17,National Hospital of Sri Lanka,OSR6109,AST (ASPARTATE AMINOTRANSFERASE) REAGENT R1 4X25ML/R2 4X25ML,BIOCHEMISTRY,6.0
2025-01-17,National Hospital of Sri Lanka,66318,ISE REFERENCE- 4 X 1000 ML,BIOCHEMISTRY,3.0
2025-01-17,National Hospital of Sri Lanka,OSR0001,WASH SOLUTION- 6 X 2 L,BIOCHEMISTRY,10.0
2025-01-17,National Hospital of Sri Lanka,66039,CLEANING SOLUTION- 6 X 500 ML,BIOCHEMISTRY,1.0
2025-01-17,National Hospital of Sri Lanka,MU919400,NA ELECTRODE AU480 ANALYZER,BIOCHEMISTRY,2.0
2025-01-17,National Hospital of Sri Lanka,MU919500,K ELECTRODE AU480 ANALYZER,BIOCHEMISTRY,2.0
2025-01-17,National Hospital of Sri Lanka,MU919700,REFERENCE ELECTRODE AU480 ANALYZER,BIOCHEMISTRY,1.0
2025-01-17,National Hospital of Sri Lanka,66320,ISE BUFFER- 4 X 2000 ML,BIOCHEMISTRY,10.0
2025-01-17,National Hospital of Sri Lanka,OSR6107,ALT (ALANINE AMINOTRANSFERASE) IFCC REAGENT,BIOCHEMISTRY,6.0
2025-01-17,National Hospital of Sri Lanka,OSR6104,ALP (ALKALINE PHOSPHATASE) REAGENT,BIOCHEMISTRY,3.0
2025-01-16,District General Hospital - Monaragala,OSR6147,CRP- R1 4 X 14 ML- R2 4 X 6 ML,BIOCHEMISTRY,3.0
2025-01-16,District General Hospital - Monaragala,OSR6102,ALB (ALBUMIN) REAGENT- 4 X 29 ML,BIOCHEMISTRY,1.0
2025-01-16,District General Hospital - Monaragala,OSR6132,TP (TOTAL PROTEIN) REAGENT- 4 X 25 ML & 4 X 25 ML,BIOCHEMISTRY,1.0
2025-01-16,District General Hospital - Monaragala,OSR6209,AST (ASPARTATE AMINOTRANSFERASE) REAGENT(R1 4X50ML R2 4X50ML),BIOCHEMISTRY,1.0
2025-01-16,District General Hospital - Monaragala,OSR6211,DIRECT BILIRUBIN- R1 4X20 ML- R2 4X20 ML,BIOCHEMISTRY,2.0
2025-01-16,District General Hospital - Monaragala,OSR6107,ALT (ALANINE AMINOTRANSFERASE) IFCC REAGENT,BIOCHEMISTRY,2.0
2025-01-16,Base Hospital - Kuliyapitiya,24001587,GEM CVP GEM 3K 4X5X2.5ML MULTIPACK,BLOODGAS & ELECTROLYTE,1.0
2025-01-16,District General Hospital - Hambanthota,26315089,GEM 3/3.5K BG/ISE/GL150 TEST IQM PAK,BLOODGAS & ELECTROLYTE,6.0
2025-01-16,District General Hospital - Hambanthota,5508-IL,PRINTER PAPER,LOCAL-PURCHASE,2.0
2024-12-05,Teaching Hospital Colombo South,66315,ISE LOW/HIGH URINE STANDARD,BIOCHEMISTRY,1.0
2024-12-05,Teaching Hospital Colombo South,OSR0001,WASH SOLUTION- 6 X 2 L,BIOCHEMISTRY,4.0
2024-12-05,Teaching Hospital Colombo South,66039,CLEANING SOLUTION- 6 X 500 ML,BIOCHEMISTRY,2.0
2024-12-05,Teaching Hospital Colombo South,B64606,URINE CALIBRATOR,BIOCHEMISTRY,2.0
2024-12-05,Teaching Hospital Colombo South,ODC0005,HDL/LDL CHOLESTEROL CONTROL SERUM,BIOCHEMISTRY,4.0
2024-12-05,Teaching Hospital Colombo South,ODC0015,ITA CONTROL SERUM 2- 6 X 2 ML,BIOCHEMISTRY,3.0
2024-12-05,Teaching Hospital Colombo South,ODC0016,ITA CONTROL SERUM 3- 6 X 2 ML,BIOCHEMISTRY,3.0
2024-12-05,Teaching Hospital Colombo South,OSR6186,IRON- R1 4 X 15 ML- R2 4 X 15 ML,BIOCHEMISTRY,2.0
2024-12-05,Teaching Hospital Colombo South,OSR61205,UIBC,BIOCHEMISTRY,4.0
2024-12-05,Teaching Hospital Colombo South,66316,ISE HIGH SERUM STANDARD- 4 X 100 ML,BIOCHEMISTRY,1.0
2024-12-05,Teaching Hospital Colombo South,66317,ISE LOW SERUM STANDARD- 4 X 100 ML,BIOCHEMISTRY,1.0
2024-12-05,Teaching Hospital Colombo South,66318,ISE REFERENCE- 4 X 1000 ML,BIOCHEMISTRY,1.0
2024-12-05,Teaching Hospital Colombo South,66319,ISE MID STANDARD- 4 X 2000 ML,BIOCHEMISTRY,8.0
2024-12-05,Teaching Hospital Colombo South,OSR6279,CK-NAC,BIOCHEMISTRY,2.0
2024-12-05,Teaching Hospital Colombo South,OSR6198,URIC ACID REAGENT- 4 X 30 ML & 4 X 12.5 ML,BIOCHEMISTRY,3.0
2024-12-05,Teaching Hospital Colombo South,OSR6126,LDH,BIOCHEMISTRY,2.0
2024-12-05,Teaching Hospital Colombo South,OSR6170,URINARY/CSF PROTEIN- R1 4X19 ML- CALIBRATOR 1X3 ML,BIOCHEMISTRY,4.0
2024-12-05,Teaching Hospital Colombo South,OSR6147,CRP- R1 4 X 14 ML- R2 4 X 6 ML,BIOCHEMISTRY,30.0
2024-12-05,Teaching Hospital Colombo South,66320,ISE BUFFER- 4 X 2000 ML,BIOCHEMISTRY,5.0
2024-12-05,Teaching Hospital Colombo South,OSR6202,ALB(ALBUMIN)REAGENT 4X54ML,BIOCHEMISTRY,3.0
2024-12-05,Teaching Hospital Colombo South,OSR6132,TP (TOTAL PROTEIN) REAGENT- 4 X 25 ML & 4 X 25 ML,BIOCHEMISTRY,2.0
2024-12-05,Teaching Hospital Colombo South,OSR61117,CALCIUM ARSENAZO- R1 4 X 29 ML,BIOCHEMISTRY,4.0
2024-12-05,Teaching Hospital Colombo South,OSR6216,CHOLESTEROL 4X45 ML R1,BIOCHEMISTRY,1.0
2024-12-05,Teaching Hospital Colombo South,OSR6106,AMYLASE REAGENT- 4 X 40 ML,BIOCHEMISTRY,4.0
2024-12-05,Teaching Hospital Colombo South,OSR6212,TBIL (TOTAL BILIRUBIN) REA- 4 X 40 ML & 4 X 40 ML,BIOCHEMISTRY,4.0
2024-12-05,Teaching Hospital Colombo South,OSR6211,DIRECT BILIRUBIN- R1 4X20 ML- R2 4X20 ML,BIOCHEMISTRY,8.0
2024-12-05,Teaching Hospital Colombo South,OSR6122,INORGANIC PHOSPHOROUS- R1 4X15 ML- R2 4X15 ML,BIOCHEMISTRY,1.0
2024-12-05,Teaching Hospital Colombo South,OSR6104,ALP (ALKALINE PHOSPHATASE) REAGENT,BIOCHEMISTRY,2.0
2024-12-05,Teaching Hospital Colombo South,OSR6120,GGT,BIOCHEMISTRY,3.0
2024-12-05,Teaching Hospital Colombo South,OSR6109,AST (ASPARTATE AMINOTRANSFERASE) REAGENT R1 4X25ML/R2 4X25ML,BIOCHEMISTRY,10.0
2024-12-05,Teaching Hospital Colombo South,OSR6221,GLUCOSE- R1 4 X 53 ML- R2 4 X 27 ML,BIOCHEMISTRY,2.0
2024-12-05,Teaching Hospital Colombo South,OSR6234,UREA- R1 4 X 53 ML- R2 4 X 53 ML,BIOCHEMISTRY,8.0
2024-12-05,Teaching Hospital Colombo South,OSR6189,MAGNESIUM- R1 4 X 40 ML,BIOCHEMISTRY,3.0
2024-12-05,Teaching Hospital Colombo South,OSR6107,ALT (ALANINE AMINOTRANSFERASE) IFCC REAGENT,BIOCHEMISTRY,10.0
2024-12-05,Teaching Hospital Colombo South,OSR6178,CREATININE- R1 4 X 51 ML- R2 4 X 51 ML,BIOCHEMISTRY,18.0
2024-12-05,Teaching Hospital Colombo South,OSR6287,HDL-CHOLESTEROL R14X51.3 R2 4X17.1 ML,BIOCHEMISTRY,4.0
2024-12-05,Teaching Hospital Colombo South,OSR61118,TRIG (TRIGLYCERIDES) REAGENT,BIOCHEMISTRY,3.0
2025-01-21,Dr. Neville Fernando Teaching Hospital (NFTH),66319,ISE MID STANDARD- 4 X 2000 ML,BIOCHEMISTRY,1.0
2025-01-21,Dr. Neville Fernando Teaching Hospital (NFTH),66320,ISE BUFFER- 4 X 2000 ML,BIOCHEMISTRY,1.0
2025-01-23,Medical Supplies Division,IM3492,FERRITIN,IMMUNOLOGY,24.0
2025-01-23,Medical Supplies Division,A11930,PTH,IMMUNOLOGY,12.0
2025-01-23,Medical Supplies Division,IM3712,TSH,IMMUNOLOGY,30.0
2025-01-23,Medical Supplies Division,IM1363,FT4,IMMUNOLOGY,6.0
2025-01-23,Medical Supplies Division,B46327,VITAMIN D,IMMUNOLOGY,24.0
2025-01-22,Teaching Hospital - Peradeniya,26330089,GEM 3/3.5K BG/ISE/GL 300 TEST IQM PAK,BLOODGAS & ELECTROLYTE,18.0
2025-01-24,General Hospital - Kalutara,26330089,GEM 3/3.5K BG/ISE/GL 300 TEST IQM PAK,BLOODGAS & ELECTROLYTE,6.0
2025-01-23,Teaching Hospital - Batticaloa,26315089,GEM 3/3.5K BG/ISE/GL150 TEST IQM PAK,BLOODGAS & ELECTROLYTE,10.0
2025-01-28,Dr. Neville Fernando Teaching Hospital (NFTH),OSR6178,CREATININE- R1 4 X 51 ML- R2 4 X 51 ML,BIOCHEMISTRY,1.0
2025-01-29,General Hospital - Kalutara,26330089,GEM 3/3.5K BG/ISE/GL 300 TEST IQM PAK,BLOODGAS & ELECTROLYTE,5.0
2025-01-29,General Hospital - Kalutara,5508-IL,PRINTER PAPER,LOCAL-PURCHASE,10.0
2025-02-03,Base Hospital - Dambulla,26315089,GEM 3/3.5K BG/ISE/GL150 TEST IQM PAK,BLOODGAS & ELECTROLYTE,1.0
2025-01-15,National Hospital of Sri Lanka,26330089,GEM 3/3.5K BG/ISE/GL 300 TEST IQM PAK,BLOODGAS & ELECTROLYTE,10.0
2025-01-29,Medical Research Institute ( MRI ),OSR6198,URIC ACID REAGENT- 4 X 30 ML & 4 X 12.5 ML,BIOCHEMISTRY,1.0
2025-01-29,Medical Research Institute ( MRI ),66300,SYSTEM CALIBRATOR- 20 X 5 ML,BIOCHEMISTRY,1.0
2025-01-29,Medical Research Institute ( MRI ),ODC0003,CONTROL SERUM 1- 20 X 5 ML,BIOCHEMISTRY,1.0
2025-01-29,Medical Research Institute ( MRI ),ODC0004,CONTROL SERUM 2- 20 X 5 ML,BIOCHEMISTRY,1.0
2025-01-29,Medical Research Institute ( MRI ),OSR6121,GLUCOSE R1 4X25ML R2 4X12.5ML,BIOCHEMISTRY,1.0
2025-01-30,R.D.H.S - Jaffna,66313,ISE NA+/K+ SELECTIVITY CHECK- 2 X 25 ML,BIOCHEMISTRY,1.0
2025-01-30,R.D.H.S - Jaffna,ODC0016,ITA CONTROL SERUM 3- 6 X 2 ML,BIOCHEMISTRY,1.0
2025-01-30,R.D.H.S - Jaffna,ODC0015,ITA CONTROL SERUM 2- 6 X 2 ML,BIOCHEMISTRY,1.0
2025-01-30,R.D.H.S - Jaffna,ODC0005,HDL/LDL CHOLESTEROL CONTROL SERUM,BIOCHEMISTRY,1.0
2025-01-30,R.D.H.S - Jaffna,ODC0004,CONTROL SERUM 2- 20 X 5 ML,BIOCHEMISTRY,2.0
2025-01-30,R.D.H.S - Jaffna,ODC0003,CONTROL SERUM 1- 20 X 5 ML,BIOCHEMISTRY,2.0
2025-01-30,R.D.H.S - Jaffna,66317,ISE LOW SERUM STANDARD- 4 X 100 ML,BIOCHEMISTRY,2.0
2025-01-30,R.D.H.S - Jaffna,ODC0014,ITA CONTROL SERUM 1- 6 X 2 ML,BIOCHEMISTRY,1.0
2025-01-30,R.D.H.S - Jaffna,66039,CLEANING SOLUTION- 6 X 500 ML,BIOCHEMISTRY,2.0
2025-01-30,R.D.H.S - Jaffna,OSR0001,WASH SOLUTION- 6 X 2 L,BIOCHEMISTRY,4.0
2025-01-30,R.D.H.S - Jaffna,66318,ISE REFERENCE- 4 X 1000 ML,BIOCHEMISTRY,2.0
2025-01-30,R.D.H.S - Jaffna,66320,ISE BUFFER- 4 X 2000 ML,BIOCHEMISTRY,4.0
2025-01-30,R.D.H.S - Jaffna,66319,ISE MID STANDARD- 4 X 2000 ML,BIOCHEMISTRY,4.0
2025-01-30,R.D.H.S - Jaffna,ODC0011,HDL-CHOLESTEROL CALIBRATOR- 2 X 3 ML,BIOCHEMISTRY,1.0
2025-01-30,R.D.H.S - Jaffna,ODC0012,LDL-CHOLESTEROL CALIBRATOR- 2 X 1 ML,BIOCHEMISTRY,1.0
2025-01-30,R.D.H.S - Jaffna,ODR3021,SERUM PROTEIN MULTI CALIBRATOR (LEVEL 1-6) 1X2 ML,BIOCHEMISTRY,1.0
2025-01-30,R.D.H.S - Jaffna,66300,SYSTEM CALIBRATOR- 20 X 5 ML,BIOCHEMISTRY,1.0
2025-01-30,R.D.H.S - Jaffna,66316,ISE HIGH SERUM STANDARD- 4 X 100 ML,BIOCHEMISTRY,2.0
2025-01-30,R.D.H.S - Jaffna,00006799200,SAMPLE CUPS 0.5ML (1000/PK),COAGULATION,2.0
2025-01-30,R.D.H.S - Jaffna,81911,CONTRAD 70- 1.0 L,IMMUNOLOGY,2.0
2025-01-30,R.D.H.S - Jaffna,81912,CITRANOX- 1 X 1 GALLON,IMMUNOLOGY,2.0
2025-01-30,R.D.H.S - Jaffna,81901,REACTION/ALIQUOT VESSEL CARTRIDGES-1 BOX,IMMUNOLOGY,4.0
2025-01-30,R.D.H.S - Jaffna,81904,WASTE BAGS- ACCESS®- 1 BOX- 20 BAGS/BOX,IMMUNOLOGY,4.0
2025-01-30,R.D.H.S - Jaffna,B63284,ACCESS TSH (3RD IS) 2x100 DET,IMMUNOLOGY,5.0
2025-01-30,R.D.H.S - Jaffna,81910,SYSTEM CHECK SOLUTION,IMMUNOLOGY,4.0
2025-01-30,R.D.H.S - Jaffna,81906,SUBSTRATE- ACCESS®- 4 BOTTLES- 130 ML/BOTTLE,IMMUNOLOGY,4.0
2025-01-30,R.D.H.S - Jaffna,A16792,WASH BUFFER II- ACCESS®- 4 BOTTLES- 1.9 L/BOTTLE,IMMUNOLOGY,6.0
2025-01-30,R.D.H.S - Jaffna,B63285,ACCESS TSH (3RD IS) CALIBRATORS,IMMUNOLOGY,1.0
2025-01-30,R.D.H.S - Jaffna,33025,FERRITIN CALIBRATORS (S0-S5)- 1 SET,IMMUNOLOGY,1.0
2025-01-30,R.D.H.S - Jaffna,33880,FREE T4- ACCESS®- 2 X 50 TESTS,IMMUNOLOGY,1.0
2025-01-30,R.D.H.S - Jaffna,370,"Immunoassay Plus Control (Lyphochek), Trilevel – 12 x 5ml",BIOCHEMISTRY,1.0
2025-01-30,R.D.H.S - Jaffna,81902,SAMPLE CUPS- 2.0 ML/13 MM- 1 BAG,IMMUNOLOGY,2.0
2025-01-30,R.D.H.S - Jaffna,33020,FERRITIN- ACCESS®- 2 X 50 TESTS,IMMUNOLOGY,2.0
2025-01-30,R.D.H.S - Jaffna,33885,FREE T4 CALIBRATORS (S0-S5)- 1 SET,IMMUNOLOGY,1.0
2025-01-30,R.D.H.S - Jaffna,OSR6104,ALP (ALKALINE PHOSPHATASE) REAGENT,BIOCHEMISTRY,10.0
2025-01-30,R.D.H.S - Jaffna,OSR6134,UREA- R1 4 X 25 ML- R2 4 X 25 ML,BIOCHEMISTRY,5.0
2025-01-30,R.D.H.S - Jaffna,OSR6178,CREATININE- R1 4 X 51 ML- R2 4 X 51 ML,BIOCHEMISTRY,12.0
2025-01-30,R.D.H.S - Jaffna,OSR60118,TRIG (TRIGLYCERIDES) REAGENT- 4 X 20 ML & 4 X 5 ML,BIOCHEMISTRY,10.0
2025-01-30,R.D.H.S - Jaffna,OSR6132,TP (TOTAL PROTEIN) REAGENT- 4 X 25 ML & 4 X 25 ML,BIOCHEMISTRY,8.0
2025-01-30,R.D.H.S - Jaffna,OSR6112,TBIL (TOTAL BILIRUBIN) REAGENT,BIOCHEMISTRY,10.0
2025-01-30,R.D.H.S - Jaffna,OSR6211,DIRECT BILIRUBIN- R1 4X20 ML- R2 4X20 ML,BIOCHEMISTRY,10.0
2025-01-30,R.D.H.S - Jaffna,OSR6147,CRP- R1 4 X 14 ML- R2 4 X 6 ML,BIOCHEMISTRY,18.0
2025-01-30,R.D.H.S - Jaffna,OSR6121,GLUCOSE R1 4X25ML R2 4X12.5ML,BIOCHEMISTRY,12.0
2025-01-30,R.D.H.S - Jaffna,OSR6187,HDL-CHOLESTEROL- R1 4X27 ML- R2 4X9 ML,BIOCHEMISTRY,10.0
2025-01-30,R.D.H.S - Jaffna,OSR6107,ALT (ALANINE AMINOTRANSFERASE) IFCC REAGENT,BIOCHEMISTRY,10.0
2025-01-30,R.D.H.S - Jaffna,OSR6198,URIC ACID REAGENT- 4 X 30 ML & 4 X 12.5 ML,BIOCHEMISTRY,1.0
2025-01-30,R.D.H.S - Jaffna,OSR6102,ALB (ALBUMIN) REAGENT- 4 X 29 ML,BIOCHEMISTRY,5.0
2025-01-30,R.D.H.S - Jaffna,OSR6182,AMYLASE,BIOCHEMISTRY,5.0
2025-01-30,R.D.H.S - Jaffna,OSR6109,AST (ASPARTATE AMINOTRANSFERASE) REAGENT R1 4X25ML/R2 4X25ML,BIOCHEMISTRY,10.0
2025-01-30,R.D.H.S - Jaffna,OSR6116,CHOLESTEROL 4 X 22.5 ML R1,BIOCHEMISTRY,10.0
2025-01-30,Teaching Hospital - Peradeniya,00006799200,SAMPLE CUPS 0.5ML (1000/PK),COAGULATION,1.0
2025-01-30,Teaching Hospital - Peradeniya,81911,CONTRAD 70- 1.0 L,IMMUNOLOGY,1.0
2025-01-30,Teaching Hospital - Peradeniya,A85264,TOTAL BETA-HCG- ACCESS®- 2 X 50 TESTS(33500),IMMUNOLOGY,4.0
2025-01-30,Teaching Hospital - Peradeniya,81906,SUBSTRATE- ACCESS®- 4 BOTTLES- 130 ML/BOTTLE,IMMUNOLOGY,2.0
2025-01-30,Teaching Hospital - Peradeniya,B63285,ACCESS TSH (3RD IS) CALIBRATORS,IMMUNOLOGY,1.0
2025-01-30,Teaching Hospital - Peradeniya,A16792,WASH BUFFER II- ACCESS®- 4 BOTTLES- 1.9 L/BOTTLE,IMMUNOLOGY,12.0
2025-01-30,Teaching Hospital - Peradeniya,370,"Immunoassay Plus Control (Lyphochek), Trilevel – 12 x 5ml",BIOCHEMISTRY,1.0
2025-01-30,Teaching Hospital - Peradeniya,B63284,ACCESS TSH (3RD IS) 2x100 DET,IMMUNOLOGY,10.0
2025-01-30,Teaching Hospital - Peradeniya,33020,FERRITIN- ACCESS®- 2 X 50 TESTS,IMMUNOLOGY,2.0
2025-01-30,Teaching Hospital - Peradeniya,33600,CORTISOL- ACCESS®- 2 X 50 TESTS,IMMUNOLOGY,1.0
2025-01-30,Teaching Hospital - Peradeniya,37200,HYBRITECH® PSA- ACCESS®- 2 X 50 TESTS,IMMUNOLOGY,2.0
2025-01-30,Teaching Hospital - Peradeniya,A13422,FREE T3- ACCESS®- 2 X 50 TESTS,IMMUNOLOGY,1.0
2025-02-20,Sirimavo Bandaranayake Children Hospital,00006799200,SAMPLE CUPS 0.5ML (1000/PK),COAGULATION,1.0
2025-02-20,Sirimavo Bandaranayake Children Hospital,81910,SYSTEM CHECK SOLUTION,IMMUNOLOGY,1.0
2025-02-20,Sirimavo Bandaranayake Children Hospital,33025,FERRITIN CALIBRATORS (S0-S5)- 1 SET,IMMUNOLOGY,1.0
2025-02-20,Sirimavo Bandaranayake Children Hospital,33605,CORTISOL CALIBRATORS,IMMUNOLOGY,1.0
2025-02-20,Sirimavo Bandaranayake Children Hospital,33885,FREE T4 CALIBRATORS (S0-S5)- 1 SET,IMMUNOLOGY,1.0
2025-02-20,Sirimavo Bandaranayake Children Hospital,B63285,ACCESS TSH (3RD IS) CALIBRATORS,IMMUNOLOGY,1.0
2025-02-20,Sirimavo Bandaranayake Children Hospital,33600,CORTISOL- ACCESS®- 2 X 50 TESTS,IMMUNOLOGY,3.0
2025-02-20,Sirimavo Bandaranayake Children Hospital,B63284,ACCESS TSH (3RD IS) 2x100 DET,IMMUNOLOGY,3.0
2025-02-20,Sirimavo Bandaranayake Children Hospital,33880,FREE T4- ACCESS®- 2 X 50 TESTS,IMMUNOLOGY,2.0
2025-02-20,Sirimavo Bandaranayake Children Hospital,370,"Immunoassay Plus Control (Lyphochek), Trilevel – 12 x 5ml",BIOCHEMISTRY,1.0
2025-02-20,Sirimavo Bandaranayake Children Hospital,81906,SUBSTRATE- ACCESS®- 4 BOTTLES- 130 ML/BOTTLE,IMMUNOLOGY,3.0
2025-02-20,Sirimavo Bandaranayake Children Hospital,81901,REACTION/ALIQUOT VESSEL CARTRIDGES-1 BOX,IMMUNOLOGY,4.0
2025-02-20,Sirimavo Bandaranayake Children Hospital,33020,FERRITIN- ACCESS®- 2 X 50 TESTS,IMMUNOLOGY,2.0
2025-02-20,Sirimavo Bandaranayake Children Hospital,A16792,WASH BUFFER II- ACCESS®- 4 BOTTLES- 1.9 L/BOTTLE,IMMUNOLOGY,8.0
2025-02-20,Sirimavo Bandaranayake Children Hospital,81904,WASTE BAGS- ACCESS®- 1 BOX- 20 BAGS/BOX,IMMUNOLOGY,2.0
2025-02-05,R.D.H.S - Jaffna,24001587,GEM CVP GEM 3K 4X5X2.5ML MULTIPACK,BLOODGAS & ELECTROLYTE,3.0
2025-02-05,R.D.H.S - Jaffna,26307589,GEM 3/3.5K BG/ISE/GL075 TEST IQM PAK,BLOODGAS & ELECTROLYTE,30.0
2025-02-05,R.D.H.S - Jaffna,5508-IL,PRINTER PAPER,LOCAL-PURCHASE,15.0
2025-02-07,District General Hospital - Matara,26315089,GEM 3/3.5K BG/ISE/GL150 TEST IQM PAK,BLOODGAS & ELECTROLYTE,4.0
2025-02-07,District General Hospital - Mannar,26315089,GEM 3/3.5K BG/ISE/GL150 TEST IQM PAK,BLOODGAS & ELECTROLYTE,4.0
2025-02-11,Teaching Hospital - Kurunagala,26315089,GEM 3/3.5K BG/ISE/GL150 TEST IQM PAK,BLOODGAS & ELECTROLYTE,4.0
2025-02-20,Sirimavo Bandaranayake Children Hospital,00020301100,FIBRINOGEN-CLAUSS KIT HEMOSIL 10X2ML,COAGULATION,1.0
2025-02-20,Sirimavo Bandaranayake Children Hospital,20003700,CALIBRATION PLASMA HEMOSIL 10X1ML,COAGULATION,2.0
2025-02-20,Sirimavo Bandaranayake Children Hospital,20006800,APTT RGT SYNTHASIL HEMOSIL,COAGULATION,3.0
2025-02-20,Sirimavo Bandaranayake Children Hospital,00020003110,NORMAL CONTROL ASSAYED 10X1ML,COAGULATION,6.0
2025-02-20,Sirimavo Bandaranayake Children Hospital,9758515,"THROMBIN TIME KIT 90-370 TEST(1X9ML,4X2,5,8 ML)",COAGULATION,1.0
2025-02-20,Sirimavo Bandaranayake Children Hospital,20002400,EMULSION WASH-R ACL 9000-1L,COAGULATION,40.0
2025-02-20,Sirimavo Bandaranayake Children Hospital,9831700,CLEANING SOLUTION 500ML,COAGULATION,1.0
2025-02-20,Sirimavo Bandaranayake Children Hospital,9757600,FACTOR DILUENT 100ML,COAGULATION,2.0
2025-02-20,Sirimavo Bandaranayake Children Hospital,6800000,ROTORS SET (4x25 ROTORS),COAGULATION,5.0
2025-02-20,Sirimavo Bandaranayake Children Hospital,20011800,FACTOR VIII DEF PLASMA HEMOSIL 10XML,COAGULATION,1.0
2025-02-20,Sirimavo Bandaranayake Children Hospital,20011900,FACTOR IX DEF PLASMA HEMOSIL 10X1ML,COAGULATION,1.0
2025-02-20,Sirimavo Bandaranayake Children Hospital,8469810,PT RGT PT-FIBRINOGEN HS PLUS 5+5X8ML,COAGULATION,8.0
2025-02-11,Dr. Neville Fernando Teaching Hospital (NFTH),OSR6221,GLUCOSE- R1 4 X 53 ML- R2 4 X 27 ML,BIOCHEMISTRY,1.0
2025-02-11,Dr. Neville Fernando Teaching Hospital (NFTH),66300,SYSTEM CALIBRATOR- 20 X 5 ML,BIOCHEMISTRY,1.0
2025-02-18,General Hospital (Teaching) Kandy,26315089,GEM 3/3.5K BG/ISE/GL150 TEST IQM PAK,BLOODGAS & ELECTROLYTE,14.0
2025-02-17,Asiri Hospital Matara (Pvt) Ltd (Uyanwatta),MU919600,CL ELECTRODE AU480 ANALYZER,BIOCHEMISTRY,1.0
2025-02-17,Asiri Hospital Matara (Pvt) Ltd (Uyanwatta),MU919500,K ELECTRODE AU480 ANALYZER,BIOCHEMISTRY,1.0
2025-02-17,Asiri Hospital Matara (Pvt) Ltd (Uyanwatta),MU919400,NA ELECTRODE AU480 ANALYZER,BIOCHEMISTRY,1.0
2025-02-18,Base Hospital - Balapitiya,26315089,GEM 3/3.5K BG/ISE/GL150 TEST IQM PAK,BLOODGAS & ELECTROLYTE,22.0
2025-02-18,Castle Street Hospital for Women,5508-IL,PRINTER PAPER,LOCAL-PURCHASE,3.0
2025-02-17,Castle Street Hospital for Women,33510,HLH- ACCESS®- 2 X 50 TESTS,IMMUNOLOGY,5.0
2025-02-17,Castle Street Hospital for Women,33560,TESTOSTERONE- ACCESS®- 2 X 50 TESTS,IMMUNOLOGY,5.0
2025-02-17,Castle Street Hospital for Women,33600,CORTISOL- ACCESS®- 2 X 50 TESTS,IMMUNOLOGY,1.0
2025-02-17,Castle Street Hospital for Women,33530,PROLACTIN- ACCESS®- 2 X 50 TESTS,IMMUNOLOGY,5.0
2025-02-17,Castle Street Hospital for Women,33550,PROGESTERONE- ACCESS®- 2 X 50 TESTS,IMMUNOLOGY,1.0
2025-02-17,Castle Street Hospital for Women,33210,ACCESS AFP 2 X 50 DET,IMMUNOLOGY,1.0
2025-02-17,Castle Street Hospital for Women,386357,OV MONITOR 2X50 TESTS,IMMUNOLOGY,5.0
2025-02-17,Castle Street Hospital for Women,A85264,TOTAL BETA-HCG- ACCESS®- 2 X 50 TESTS(33500),IMMUNOLOGY,15.0
2025-02-17,Castle Street Hospital for Women,33020,FERRITIN- ACCESS®- 2 X 50 TESTS,IMMUNOLOGY,6.0
2025-02-17,Castle Street Hospital for Women,A16792,WASH BUFFER II- ACCESS®- 4 BOTTLES- 1.9 L/BOTTLE,IMMUNOLOGY,20.0
2025-02-17,Castle Street Hospital for Women,81906,SUBSTRATE- ACCESS®- 4 BOTTLES- 130 ML/BOTTLE,IMMUNOLOGY,7.0
2025-02-17,Castle Street Hospital for Women,81901,REACTION/ALIQUOT VESSEL CARTRIDGES-1 BOX,IMMUNOLOGY,10.0
2025-02-17,Castle Street Hospital for Women,00006799200,SAMPLE CUPS 0.5ML (1000/PK),COAGULATION,1.0
2025-02-17,Castle Street Hospital for Women,33885,FREE T4 CALIBRATORS (S0-S5)- 1 SET,IMMUNOLOGY,1.0
2025-02-17,Castle Street Hospital for Women,33520,HFSH- ACCESS®- 2 X 50 TESTS,IMMUNOLOGY,5.0
2025-02-17,Castle Street Hospital for Women,33880,FREE T4- ACCESS®- 2 X 50 TESTS,IMMUNOLOGY,15.0
2025-02-17,Castle Street Hospital for Women,B63284,ACCESS TSH (3RD IS) 2x100 DET,IMMUNOLOGY,15.0
2025-02-21,National Hospital of Sri Lanka,20007400,APTT RGT SYNTHAFAX HEMOSIL,COAGULATION,10.0
2025-02-21,National Hospital of Sri Lanka,29400100,"CUVETTES (2400 CUVETTES-600 STRIPS,4CUVETTES/STRIP)",COAGULATION,10.0
2025-02-21,National Hospital of Sri Lanka,9758515,THROMBIN TIME KIT 90-370 TEST,COAGULATION,3.0
2025-02-20,District General Hospital - Matale,26315089,GEM 3/3.5K BG/ISE/GL150 TEST IQM PAK,BLOODGAS & ELECTROLYTE,8.0
2025-03-01,Base Hospital - Diyatalawa,26315089,GEM 3/3.5K BG/ISE/GL150 TEST IQM PAK,BLOODGAS & ELECTROLYTE,5.0
2025-02-21,Bureau Veritas Consumer Products Services Lanka  (Pvt) Ltd,13613011,"DM750 BINOCULAR MICROSCOPE(RH KIR STAND,AND 4 HOLE NSPCE)",MAIN UNITS,1.0
2025-02-24,R.D.H.S - Kalutara,26315089,GEM 3/3.5K BG/ISE/GL150 TEST IQM PAK,BLOODGAS & ELECTROLYTE,12.0
2025-02-24,R.D.H.S - Kalutara,5508-IL,PRINTER PAPER,LOCAL-PURCHASE,6.0
2025-02-24,R.D.H.S - Kalutara,26315089,GEM 3/3.5K BG/ISE/GL150 TEST IQM PAK,BLOODGAS & ELECTROLYTE,12.0
2025-01-24,Provincial General Hospital - Rathnapura,5508-IL,PRINTER PAPER,LOCAL-PURCHASE,2.0
2025-02-27,Base Hospital - Avissawella,26315089,GEM 3/3.5K BG/ISE/GL150 TEST IQM PAK,BLOODGAS & ELECTROLYTE,6.0
2025-02-26,District General Hospital - Nuwara-Eliya,00006799200,SAMPLE CUPS 0.5ML (1000/PK),COAGULATION,5.0
2025-02-26,District General Hospital - Nuwara-Eliya,81902,SAMPLE CUPS- 2.0 ML/13 MM- 1 BAG,IMMUNOLOGY,1.0
2025-02-26,District General Hospital - Nuwara-Eliya,00005575100,SAMPLE CUPS 2ML (1000/PK),COAGULATION,5.0
2025-02-28,General Hospital (Teaching) Kandy,26315089,GEM 3/3.5K BG/ISE/GL150 TEST IQM PAK,BLOODGAS & ELECTROLYTE,6.0
2025-02-27,Jacobi Carbons Lanka (Pvt) Ltd,7808620,FOAM TIP SWAB ASSY (10/PK),PARTICLE SPARES,5.0
2025-02-27,Dr. Neville Fernando Teaching Hospital (NFTH),OSR61205,UIBC,BIOCHEMISTRY,1.0
2025-02-27,Dr. Neville Fernando Teaching Hospital (NFTH),OSR6179,CK (NAC)- R1-1 4X22 ML- R1-2 4X4 ML- R2 4X6 ML,BIOCHEMISTRY,1.0
2025-02-27,Dr. Neville Fernando Teaching Hospital (NFTH),OSR6198,URIC ACID REAGENT- 4 X 30 ML & 4 X 12.5 ML,BIOCHEMISTRY,1.0
2025-02-27,Dr. Neville Fernando Teaching Hospital (NFTH),OSR6202,ALB(ALBUMIN)REAGENT 4X54ML,BIOCHEMISTRY,1.0
2025-02-28,Medical Research Institute ( MRI ),A07791,FMC7-FITC 100T CE,FLOWCYTOMETRY,1.0
2025-02-28,Medical Research Institute ( MRI ),A93689,"CD23-PACIFIC BLUE, 0.5ML ASR",FLOWCYTOMETRY,1.0
2025-02-28,Medical Research Institute ( MRI ),8448222,CLENZ 5 L,HAEMATOLOGY,1.0
2025-02-28,Medical Research Institute ( MRI ),8546859,ISOFLOW SHEATH FLUID( 1X 10 L ),FLOWCYTOMETRY,10.0
2025-02-28,Medical Research Institute ( MRI ),B92391,"CD14-ECD, 100T CE",FLOWCYTOMETRY,1.0
2025-02-28,Medical Research Institute ( MRI ),A11895,OPTI LYSE C200TESTS CE,FLOWCYTOMETRY,2.0
2025-02-28,Medical Research Institute ( MRI ),B49191,"CD5-PC5.5, 50 TESTS, CE-IVD",FLOWCYTOMETRY,1.0
2025-02-28,Medical Research Institute ( MRI ),B92472,"CD200-PC7, 50T IVD CE",FLOWCYTOMETRY,1.0
2025-02-28,Medical Research Institute ( MRI ),B92400,"CD10-APC, 100T IVD CE",FLOWCYTOMETRY,1.0
2025-02-28,Medical Research Institute ( MRI ),6605359,FLOWCHECK FLUOROSPHERES 3X10ML,FLOWCYTOMETRY,2.0
2025-02-28,Medical Research Institute ( MRI ),A07802,INTRAPREP PERMEAHILIZATION,FLOWCYTOMETRY,1.0
2025-02-28,Medical Research Institute ( MRI ),B49219,"CD138-APC, 50 TESTS, CE-IVD",FLOWCYTOMETRY,1.0
2025-02-28,Medical Research Institute ( MRI ),B96754,"CD117-PC5.5, 50 TESTS IVD CE",FLOWCYTOMETRY,1.0
2025-02-28,Medical Research Institute ( MRI ),B06204,"CD103-APC, 0.5ML ASR",FLOWCYTOMETRY,1.0
2025-02-28,Medical Research Institute ( MRI ),B21445,"CD79B-PC5.5, 0.5ML ASR",FLOWCYTOMETRY,1.0
2025-02-28,Medical Research Institute ( MRI ),A32535,"CD123-PE, 2ML ASR",FLOWCYTOMETRY,1.0
2025-02-28,Medical Research Institute ( MRI ),B49200,"CD38-APC-ALEXA FLOUR 750, 50 TESTS, IVD CE",FLOWCYTOMETRY,1.0
2025-02-28,Medical Research Institute ( MRI ),A89314,CD235a,FLOWCYTOMETRY,1.0
2025-02-28,Medical Research Institute ( MRI ),B16892,"CD7-APC-ALEXA FLUOR 750, 0.5ML ASR",FLOWCYTOMETRY,1.0
2025-02-28,Medical Research Institute ( MRI ),B10824,"CD4-APC-ALEXA FLUOR 700, 0.5ML ASR",FLOWCYTOMETRY,1.0
2025-02-28,Medical Research Institute ( MRI ),C15623,"ANTI-KAPPA-FITC (GOAT POLYCLONAL), 2ML ASR",FLOWCYTOMETRY,1.0
2025-02-28,Medical Research Institute ( MRI ),B49190,CD55,FLOWCYTOMETRY,1.0
2025-02-28,Medical Research Institute ( MRI ),B49187,CD59,FLOWCYTOMETRY,1.0
2025-02-28,Medical Research Institute ( MRI ),B36294,"CD45-KROME ORANGE, 100 TESTS, IVD CE",FLOWCYTOMETRY,2.0
2025-02-28,Medical Research Institute ( MRI ),C15189,"ANTI-LAMBDA-PE (GOAT POLYCLONAL), 2ML ASR",FLOWCYTOMETRY,1.0
2025-02-28,Medical Research Institute ( MRI ),B49218,CD15,FLOWCYTOMETRY,1.0
2025-02-28,Medical Research Institute ( MRI ),A21689,CD2-PC7 100T CE,FLOWCYTOMETRY,1.0
2025-02-28,Medical Research Institute ( MRI ),A21692,CD56-PC7 100T CE,FLOWCYTOMETRY,1.0
2025-02-28,Medical Research Institute ( MRI ),A07770,CD19-ECD 100T IVD CE,FLOWCYTOMETRY,1.0
2025-02-28,Medical Research Institute ( MRI ),IM2471,"CD33-APC, 100T IVD CE",FLOWCYTOMETRY,1.0
2025-02-28,Medical Research Institute ( MRI ),B23133,CD24,FLOWCYTOMETRY,1.0
2025-02-28,Medical Research Institute ( MRI ),A07748,CD3 ECD,FLOWCYTOMETRY,1.0
2025-02-28,Medical Research Institute ( MRI ),B49182,"CD8-PACIFIC BLUE, 50 TESTS, IVD CE",FLOWCYTOMETRY,1.0
2025-03-03,Asiri Hospital Matara (Pvt) Ltd (Uyanwatta),OSR6194,ASO,BIOCHEMISTRY,1.0
2025-03-03,Asiri Hospital Matara (Pvt) Ltd (Uyanwatta),ODR3021,SERUM PROTEIN MULTI CALIBRATOR (LEVEL 1-6) 1X2 ML,BIOCHEMISTRY,1.0
2025-03-03,Asiri Hospital Matara (Pvt) Ltd (Uyanwatta),ODC0014,ITA CONTROL SERUM 1- 6 X 2 ML,BIOCHEMISTRY,1.0
2025-03-03,Asiri Hospital Matara (Pvt) Ltd (Uyanwatta),ODC0015,ITA CONTROL SERUM 2- 6 X 2 ML,BIOCHEMISTRY,1.0
2025-03-03,Asiri Hospital Matara (Pvt) Ltd (Uyanwatta),ODC0016,ITA CONTROL SERUM 3- 6 X 2 ML,BIOCHEMISTRY,1.0
2035-03-03,R.D.H.S - Gampaha,26307589,GEM 3/3.5K BG/ISE/GL075 TEST IQM PAK,BLOODGAS & ELECTROLYTE,1.0
2025-03-04,Base Hospital - Akkaraipattu,26330089,GEM 3/3.5K BG/ISE/GL 300 TEST IQM PAK,BLOODGAS & ELECTROLYTE,2.0
2025-03-10,Base Hospital - Tangalle,8217000,HEPARIN CAPILLARIES (REF 105107) 2X100MM-100 PCS,BLOODGAS & ELECTROLYTE,5.0
2025-03-06,District General Hospital - Mannar,5508-IL,PRINTER PAPER,LOCAL-PURCHASE,4.0
2025-03-10,District General Hospital - Embilipitiya,26315089,GEM 3/3.5K BG/ISE/GL150 TEST IQM PAK,BLOODGAS & ELECTROLYTE,3.0
2025-03-07,General Hospital (Teaching) Jaffna,26330089,GEM 3/3.5K BG/ISE/GL 300 TEST IQM PAK,BLOODGAS & ELECTROLYTE,4.0
2025-03-07,General Hospital (Teaching) Jaffna,24001587,GEM CVP GEM 3K 4X5X2.5ML MULTIPACK,BLOODGAS & ELECTROLYTE,1.0
2025-02-25,Base Hospital - Dambulla,26315089,GEM 3/3.5K BG/ISE/GL150 TEST IQM PAK,BLOODGAS & ELECTROLYTE,2.0
2025-03-17,District General Hospital - Monaragala,OSR6020,GGT- R1 4 X 18 ML- R2 4 X 18 ML,BIOCHEMISTRY,1.0
2025-03-17,District General Hospital - Monaragala,OSR6198,URIC ACID REAGENT- 4 X 30 ML & 4 X 12.5 ML,BIOCHEMISTRY,0.5
2025-03-14,Teaching Hospital - Peradeniya,ODR3021,SERUM PROTEIN MULTI CALIBRATOR (LEVEL 1-6) 1X2 ML,BIOCHEMISTRY,1.0
2025-03-14,Teaching Hospital - Peradeniya,OSR6134,UREA- R1 4 X 25 ML- R2 4 X 25 ML,BIOCHEMISTRY,3.0
2025-03-14,Teaching Hospital - Peradeniya,ODC0011,HDL-CHOLESTEROL CALIBRATOR- 2 X 3 ML,BIOCHEMISTRY,1.0
2025-03-14,Teaching Hospital - Peradeniya,ODC0016,ITA CONTROL SERUM 3- 6 X 2 ML,BIOCHEMISTRY,1.0
2025-03-14,Teaching Hospital - Peradeniya,66320,ISE BUFFER- 4 X 2000 ML,BIOCHEMISTRY,1.0
2025-03-14,Teaching Hospital - Peradeniya,OSR60118,TRIG (TRIGLYCERIDES) REAGENT- 4 X 20 ML & 4 X 5 ML,BIOCHEMISTRY,2.0
2025-03-14,Teaching Hospital - Peradeniya,OSR6102,ALB (ALBUMIN) REAGENT- 4 X 29 ML,BIOCHEMISTRY,3.0
2025-03-14,Teaching Hospital - Peradeniya,OSR6198,URIC ACID REAGENT- 4 X 30 ML & 4 X 12.5 ML,BIOCHEMISTRY,1.0
2025-03-14,Teaching Hospital - Peradeniya,OSR6122,INORGANIC PHOSPHOROUS- R1 4X15 ML- R2 4X15 ML,BIOCHEMISTRY,1.0
2025-03-14,Teaching Hospital - Peradeniya,ODC0015,ITA CONTROL SERUM 2- 6 X 2 ML,BIOCHEMISTRY,1.0
2025-03-14,Teaching Hospital - Peradeniya,OSR60117,CALCIUM ARSENAZO- R1 4 X 15 ML,BIOCHEMISTRY,2.0
2025-03-14,Teaching Hospital - Peradeniya,OSR6107,ALT (ALANINE AMINOTRANSFERASE) IFCC REAGENT,BIOCHEMISTRY,2.0
2025-03-14,Teaching Hospital - Peradeniya,OSR6116,CHOLESTEROL 4 X 22.5 ML R1,BIOCHEMISTRY,2.0
2025-03-14,Teaching Hospital - Peradeniya,OSR6106,AMYLASE REAGENT- 4 X 40 ML,BIOCHEMISTRY,1.0
2025-03-14,Teaching Hospital - Peradeniya,ODC0014,ITA CONTROL SERUM 1- 6 X 2 ML,BIOCHEMISTRY,1.0
2025-03-14,Teaching Hospital - Peradeniya,66319,ISE MID STANDARD- 4 X 2000 ML,BIOCHEMISTRY,2.0
2025-03-14,Teaching Hospital - Peradeniya,OSR6109,AST (ASPARTATE AMINOTRANSFERASE) REAGENT R1 4X25ML/R2 4X25ML,BIOCHEMISTRY,2.0
2025-03-14,Teaching Hospital - Peradeniya,OSR6221,GLUCOSE- R1 4 X 53 ML- R2 4 X 27 ML,BIOCHEMISTRY,3.0
2025-03-14,Teaching Hospital - Peradeniya,OSR6287,HDL-CHOLESTEROL R14X51.3 R2 4X17.1 ML,BIOCHEMISTRY,2.0
2025-03-14,Teaching Hospital - Peradeniya,OSR6020,GGT- R1 4 X 18 ML- R2 4 X 18 ML,BIOCHEMISTRY,2.0
2025-03-14,Teaching Hospital - Peradeniya,OSR6211,DIRECT BILIRUBIN- R1 4X20 ML- R2 4X20 ML,BIOCHEMISTRY,1.0
2025-03-14,Teaching Hospital - Peradeniya,OSR6147,CRP- R1 4 X 14 ML- R2 4 X 6 ML,BIOCHEMISTRY,4.0
2025-03-17,Castle Street Hospital for Women,5508-IL,PRINTER PAPER,LOCAL-PURCHASE,3.0
2025-03-17,Castle Street Hospital for Women,8217000,HEPARIN CAPILLARIES (REF 105107) 2X100MM-100 PCS,BLOODGAS & ELECTROLYTE,10.0
2025-03-21,Teaching Hospital - Anuradhapura,OSR6102,ALB (ALBUMIN) REAGENT- 4 X 29 ML,BIOCHEMISTRY,3.0
2025-03-21,Teaching Hospital - Anuradhapura,OSR6104,ALP (ALKALINE PHOSPHATASE) REAGENT,BIOCHEMISTRY,4.0
2025-03-21,Teaching Hospital - Anuradhapura,OSR6109,AST (ASPARTATE AMINOTRANSFERASE) REAGENT R1 4X25ML/R2 4X25ML,BIOCHEMISTRY,5.0
2025-03-21,Teaching Hospital - Anuradhapura,OSR6178,CREATININE- R1 4 X 51 ML- R2 4 X 51 ML,BIOCHEMISTRY,15.0
2025-03-21,Teaching Hospital - Anuradhapura,B38858,URINE CSF ALBUMIN,BIOCHEMISTRY,5.0
2025-03-21,Teaching Hospital - Anuradhapura,OSR61205,UIBC,BIOCHEMISTRY,4.0
2025-03-21,Teaching Hospital - Anuradhapura,OSR6182,AMYLASE,BIOCHEMISTRY,4.0
2025-03-21,Teaching Hospital - Anuradhapura,OSR61204,CREATININE (ENZYMATIC) R1 4X45ML R2 4X15ML,BIOCHEMISTRY,2.0
2025-03-21,Teaching Hospital - Anuradhapura,OSR6234,UREA- R1 4 X 53 ML- R2 4 X 53 ML,BIOCHEMISTRY,2.0
2025-03-21,Teaching Hospital - Anuradhapura,OSR6216,CHOLESTEROL 4X45 ML R1,BIOCHEMISTRY,2.0
2025-03-21,Teaching Hospital - Anuradhapura,OSR6211,DIRECT BILIRUBIN- R1 4X20 ML- R2 4X20 ML,BIOCHEMISTRY,8.0
2025-03-21,Teaching Hospital - Anuradhapura,OSR6020,GGT- R1 4 X 18 ML- R2 4 X 18 ML,BIOCHEMISTRY,10.0
2025-03-21,Teaching Hospital - Anuradhapura,OSR6198,URIC ACID REAGENT- 4 X 30 ML & 4 X 12.5 ML,BIOCHEMISTRY,3.0
2025-03-21,Teaching Hospital - Anuradhapura,OSR6189,MAGNESIUM- R1 4 X 40 ML,BIOCHEMISTRY,4.0
2025-03-21,Teaching Hospital - Anuradhapura,OSR6170,URINARY/CSF PROTEIN- R1 4X19 ML- CALIBRATOR 1X3 ML,BIOCHEMISTRY,3.0
2025-03-24,General Hospital - Kalutara,26330089,GEM 3/3.5K BG/ISE/GL 300 TEST IQM PAK,BLOODGAS & ELECTROLYTE,6.0
2025-03-25,Teaching Hospital - Karapitiya,5508-IL,PRINTER PAPER,LOCAL-PURCHASE,10.0
2025-03-27,National Hospital of Sri Lanka,20002700,FREE PROTEIN S 75 TESTS,IL-COAGULATION-REAGENT-CSD,1.0
2025-04-08,Teaching Hospital - Colombo North,24315089,GEM 3K BG/ISE/GL150 TEST IQM CARTRIDGE,BLOODGAS & ELECTROLYTE,8.0
2025-04-08,Teaching Hospital Colombo South,24315089,GEM 3K BG/ISE/GL150 TEST IQM CARTRIDGE,BLOODGAS & ELECTROLYTE,8.0
2025-03-28,Medical Research Institute ( MRI ),OSR61171,IGA-R1 4X14ML-R2 4X11ML,BIOCHEMISTRY,3.0
2025-03-28,Medical Research Institute ( MRI ),ODR3021,SERUM PROTEIN MULTI CALIBRATOR (LEVEL 1-6) 1X2 ML,BIOCHEMISTRY,1.0
2025-03-27,Lady Ridgeway Hospital,9758515,"THROMBIN TIME KIT 90-370 TEST(1X9ML,4X2,5,8 ML)",COAGULATION,1.0
2025-03-27,Lady Ridgeway Hospital,00020301100,FIBRINOGEN-CLAUSS KIT HEMOSIL 10X2ML,COAGULATION,2.0
2025-03-27,Provincial General Hospital - Rathnapura,OSR61105,RF LATEX- R1 4 X 24 ML- R2 4 X 8 ML,BIOCHEMISTRY,2.0
2025-03-27,Provincial General Hospital - Rathnapura,ODC0028,RF LATEX CALIBRATOR (LEVEL 1-5) 1X1 ML,BIOCHEMISTRY,1.0
2025-03-27,Provincial General Hospital - Rathnapura,ODC0016,ITA CONTROL SERUM 3- 6 X 2 ML,BIOCHEMISTRY,1.0
2025-03-27,Provincial General Hospital - Rathnapura,ODC0014,ITA CONTROL SERUM 1- 6 X 2 ML,BIOCHEMISTRY,1.0
2025-03-31,Sri Lanka Institute of Biotechnology - SLIBTEC,6605359,FLOWCHECK FLUOROSPHERES 3X10ML,FLOWCYTOMETRY,1.0
2025-03-31,Sri Lanka Institute of Biotechnology - SLIBTEC,8546859,ISOFLOW SHEATH FLUID( 1X 10 L ),FLOWCYTOMETRY,10.0
2025-05-16,Teaching Hospital - Anuradhapura,66316,ISE HIGH SERUM STANDARD- 4 X 100 ML,BIOCHEMISTRY,1.0
2025-05-16,Teaching Hospital - Anuradhapura,66317,ISE LOW SERUM STANDARD- 4 X 100 ML,BIOCHEMISTRY,1.0
2025-05-16,Teaching Hospital - Anuradhapura,ODC0014,ITA CONTROL SERUM 1- 6 X 2 ML,BIOCHEMISTRY,1.0
2025-05-16,Teaching Hospital - Anuradhapura,ODC0015,ITA CONTROL SERUM 2- 6 X 2 ML,BIOCHEMISTRY,1.0
2025-05-16,Teaching Hospital - Anuradhapura,ODC0016,ITA CONTROL SERUM 3- 6 X 2 ML,BIOCHEMISTRY,1.0
2025-05-16,Teaching Hospital - Anuradhapura,66315,ISE LOW/HIGH URINE STANDARD,BIOCHEMISTRY,1.0
2025-05-16,Teaching Hospital - Anuradhapura,66319,ISE MID STANDARD- 4 X 2000 ML,BIOCHEMISTRY,12.0
2025-05-16,Teaching Hospital - Anuradhapura,66318,ISE REFERENCE- 4 X 1000 ML,BIOCHEMISTRY,7.0
2025-05-16,Teaching Hospital - Anuradhapura,66320,ISE BUFFER- 4 X 2000 ML,BIOCHEMISTRY,10.0
2025-04-08,Teaching Hospital Colombo South,24315089,GEM 3K BG/ISE/GL150 TEST IQM CARTRIDGE,BLOODGAS & ELECTROLYTE,3.0
2025-04-02,General Hospital - Kalutara,26307589,GEM 3/3.5K BG/ISE/GL075 TEST IQM PAK,BLOODGAS & ELECTROLYTE,3.0
2025-04-04,General Hospital - Kalutara,26330089,GEM 3/3.5K BG/ISE/GL 300 TEST IQM PAK,BLOODGAS & ELECTROLYTE,6.0
2025-04-04,National Hospital of Sri Lanka,26307589,GEM 3/3.5K BG/ISE/GL075 TEST IQM PAK,BLOODGAS & ELECTROLYTE,2.0
2025-04-04,National Hospital of Sri Lanka,5508-IL,PRINTER PAPER,LOCAL-PURCHASE,1.0
2025-04-04,National Hospital of Sri Lanka,26330089,GEM 3/3.5K BG/ISE/GL 300 TEST IQM PAK,BLOODGAS & ELECTROLYTE,5.0
2025-04-04,National Hospital of Sri Lanka,5508-IL,PRINTER PAPER,LOCAL-PURCHASE,3.0
2025-04-04,Dr. Neville Fernando Teaching Hospital (NFTH),66319,ISE MID STANDARD- 4 X 2000 ML,BIOCHEMISTRY,1.0
2025-04-04,Dr. Neville Fernando Teaching Hospital (NFTH),66320,ISE BUFFER- 4 X 2000 ML,BIOCHEMISTRY,1.0
2025-04-04,Dr. Neville Fernando Teaching Hospital (NFTH),OSR6212,TBIL (TOTAL BILIRUBIN) REA- 4 X 40 ML & 4 X 40 ML,BIOCHEMISTRY,1.0
2025-04-04,Dr. Neville Fernando Teaching Hospital (NFTH),OSR6178,CREATININE- R1 4 X 51 ML- R2 4 X 51 ML,BIOCHEMISTRY,1.0
2025-04-04,Dr. Neville Fernando Teaching Hospital (NFTH),OSR6189,MAGNESIUM- R1 4 X 40 ML,BIOCHEMISTRY,1.0
2025-04-04,Dr. Neville Fernando Teaching Hospital (NFTH),OSR6106,AMYLASE REAGENT- 4 X 40 ML,BIOCHEMISTRY,1.0
2025-04-08,R.D.H.S - Kalutara,26307589,GEM 3/3.5K BG/ISE/GL075 TEST IQM PAK,BLOODGAS & ELECTROLYTE,9.0
2025-04-08,R.D.H.S - Kalutara,5508-IL,PRINTER PAPER,LOCAL-PURCHASE,2.0
2025-04-08,General Sir John Kotalawala Defence Academy,26315089,GEM 3/3.5K BG/ISE/GL150 TEST IQM PAK,BLOODGAS & ELECTROLYTE,3.0
2025-04-09,District General Hospital - Monaragala,OSR6287,HDL-CHOLESTEROL R14X51.3 R2 4X17.1 ML,BIOCHEMISTRY,1.0
2025-04-09,District General Hospital - Monaragala,ODC0005,HDL/LDL CHOLESTEROL CONTROL SERUM,BIOCHEMISTRY,1.0
2025-04-09,District General Hospital - Monaragala,OSR6106,AMYLASE REAGENT- 4 X 40 ML,BIOCHEMISTRY,1.0
2025-04-09,District General Hospital - Monaragala,OSR61118,TRIG (TRIGLYCERIDES) REAGENT R1 4X50 ML R2 4X12.5ML,BIOCHEMISTRY,0.5
2025-04-09,Teaching Hospital - Karapitiya,5508-IL,PRINTER PAPER,LOCAL-PURCHASE,2.0
2025-04-09,Teaching Hospital - Karapitiya,26330089,GEM 3/3.5K BG/ISE/GL 300 TEST IQM PAK,BLOODGAS & ELECTROLYTE,10.0
2025-04-09,Teaching Hospital - Karapitiya,5508-IL,PRINTER PAPER,LOCAL-PURCHASE,1.0
2025-04-09,Teaching Hospital - Karapitiya,26330089,GEM 3/3.5K BG/ISE/GL 300 TEST IQM PAK,BLOODGAS & ELECTROLYTE,5.0
2024-12-20,De Soysa Hospital for Women,26330089,GEM 3/3.5K BG/ISE/GL 300 TEST IQM PAK,BLOODGAS & ELECTROLYTE,4.0
2025-04-13,District General Hospital - Embilipitiya,26315089,GEM 3/3.5K BG/ISE/GL150 TEST IQM PAK,BLOODGAS & ELECTROLYTE,4.0
2025-04-07,District General Hospital - Embilipitiya,26330089,GEM 3/3.5K BG/ISE/GL 300 TEST IQM PAK,BLOODGAS & ELECTROLYTE,3.0
2025-04-11,General Hospital (Teaching) Jaffna,26330089,GEM 3/3.5K BG/ISE/GL 300 TEST IQM PAK,BLOODGAS & ELECTROLYTE,4.0
2025-04-11,District General Hospital - Mulativu,26307589,GEM 3/3.5K BG/ISE/GL075 TEST IQM PAK,BLOODGAS & ELECTROLYTE,3.0
2025-04-16,District General Hospital - Monaragala,26330089,GEM 3/3.5K BG/ISE/GL 300 TEST IQM PAK,BLOODGAS & ELECTROLYTE,5.0
2025-04-16,District General Hospital - Monaragala,26315089,GEM 3/3.5K BG/ISE/GL150 TEST IQM PAK,BLOODGAS & ELECTROLYTE,5.0
2025-04-16,District General Hospital - Monaragala,00024001418,CONTRIL 9 CONTROL MULTI-PAK 3X10X2 ML,BLOODGAS & ELECTROLYTE,1.0
2025-04-16,District General Hospital - Vavuniya,26315089,GEM 3/3.5K BG/ISE/GL150 TEST IQM PAK,BLOODGAS & ELECTROLYTE,9.0
2025-04-16,District General Hospital - Vavuniya,5508-IL,PRINTER PAPER,LOCAL-PURCHASE,5.0
2025-04-25,National Hospital for Respiratory Diseases,26315089,GEM 3/3.5K BG/ISE/GL150 TEST IQM PAK,BLOODGAS & ELECTROLYTE,15.0
2025-04-17,Castle Street Hospital for Women,26330089,GEM 3/3.5K BG/ISE/GL 300 TEST IQM PAK,BLOODGAS & ELECTROLYTE,6.0
2025-04-23,Teaching Hospital - Anuradhapura,18110895,SAMPLE ARM,IL SPARES,1.0
2025-04-23,District General Hospital - Hambanthota,5508-IL,PRINTER PAPER,LOCAL-PURCHASE,4.0
2025-04-23,District General Hospital - Hambanthota,26315089,GEM 3/3.5K BG/ISE/GL150 TEST IQM PAK,BLOODGAS & ELECTROLYTE,6.0
2025-04-24,Provincial General Hospital - Rathnapura,ODR3021,SERUM PROTEIN MULTI CALIBRATOR (LEVEL 1-6) 1X2 ML,BIOCHEMISTRY,1.0
2025-04-24,Provincial General Hospital - Rathnapura,66317,ISE LOW SERUM STANDARD- 4 X 100 ML,BIOCHEMISTRY,1.0
2025-04-24,Provincial General Hospital - Rathnapura,OSR6178,CREATININE- R1 4 X 51 ML- R2 4 X 51 ML,BIOCHEMISTRY,10.0
2025-04-24,Provincial General Hospital - Rathnapura,OSR6107,ALT (ALANINE AMINOTRANSFERASE) IFCC REAGENT,BIOCHEMISTRY,8.0
2025-04-24,Provincial General Hospital - Rathnapura,OSR6147,CRP- R1 4 X 14 ML- R2 4 X 6 ML,BIOCHEMISTRY,20.0
2025-04-24,Provincial General Hospital - Rathnapura,OSR6104,ALP (ALKALINE PHOSPHATASE) REAGENT,BIOCHEMISTRY,3.0
2025-04-24,Provincial General Hospital - Rathnapura,OSR6102,ALB (ALBUMIN) REAGENT- 4 X 29 ML,BIOCHEMISTRY,2.0
2025-04-24,Provincial General Hospital - Rathnapura,MU919400,NA ELECTRODE AU480 ANALYZER,BIOCHEMISTRY,1.0
2025-04-24,Provincial General Hospital - Rathnapura,OSR0001,WASH SOLUTION- 6 X 2 L,BIOCHEMISTRY,2.0
2025-04-24,Provincial General Hospital - Rathnapura,66039,CLEANING SOLUTION- 6 X 500 ML,BIOCHEMISTRY,1.0
2025-04-24,Provincial General Hospital - Rathnapura,66319,ISE MID STANDARD- 4 X 2000 ML,BIOCHEMISTRY,5.0
2025-04-24,Provincial General Hospital - Rathnapura,OSR6132,TP (TOTAL PROTEIN) REAGENT- 4 X 25 ML & 4 X 25 ML,BIOCHEMISTRY,1.0
2025-04-24,Provincial General Hospital - Rathnapura,OSR6122,INORGANIC PHOSPHOROUS- R1 4X15 ML- R2 4X15 ML,BIOCHEMISTRY,2.0
2025-04-24,Provincial General Hospital - Rathnapura,MU919700,REFERENCE ELECTRODE AU480 ANALYZER,BIOCHEMISTRY,1.0
2025-04-24,Provincial General Hospital - Rathnapura,OSR6106,AMYLASE REAGENT- 4 X 40 ML,BIOCHEMISTRY,1.0
2025-04-24,Provincial General Hospital - Rathnapura,OSR6221,GLUCOSE- R1 4 X 53 ML- R2 4 X 27 ML,BIOCHEMISTRY,2.0
2025-04-24,Provincial General Hospital - Rathnapura,ODC0015,ITA CONTROL SERUM 2- 6 X 2 ML,BIOCHEMISTRY,1.0
2025-04-24,Provincial General Hospital - Rathnapura,ODC0014,ITA CONTROL SERUM 1- 6 X 2 ML,BIOCHEMISTRY,1.0
2025-04-24,Provincial General Hospital - Rathnapura,OSR6134,UREA- R1 4 X 25 ML- R2 4 X 25 ML,BIOCHEMISTRY,4.0
2025-04-24,Provincial General Hospital - Rathnapura,OSR6189,MAGNESIUM- R1 4 X 40 ML,BIOCHEMISTRY,4.0
2025-04-24,Provincial General Hospital - Rathnapura,ODC0005,HDL/LDL CHOLESTEROL CONTROL SERUM,BIOCHEMISTRY,1.0
2025-04-24,Provincial General Hospital - Rathnapura,ODC0012,LDL-CHOLESTEROL CALIBRATOR- 2 X 1 ML,BIOCHEMISTRY,1.0
2025-04-24,Provincial General Hospital - Rathnapura,ODC0011,HDL-CHOLESTEROL CALIBRATOR- 2 X 3 ML,BIOCHEMISTRY,1.0
2025-04-24,Provincial General Hospital - Rathnapura,OSR6216,CHOLESTEROL 4X45 ML R1,BIOCHEMISTRY,1.0
2025-04-24,Provincial General Hospital - Rathnapura,OSR6187,HDL-CHOLESTEROL- R1 4X27 ML- R2 4X9 ML,BIOCHEMISTRY,2.0
2025-04-24,Provincial General Hospital - Rathnapura,OSR6020,GGT- R1 4 X 18 ML- R2 4 X 18 ML,BIOCHEMISTRY,2.0
2025-04-24,Provincial General Hospital - Rathnapura,OSR6179,CK (NAC)- R1-1 4X22 ML- R1-2 4X4 ML- R2 4X6 ML,BIOCHEMISTRY,1.0
2025-04-24,Provincial General Hospital - Rathnapura,OSR60117,CALCIUM ARSENAZO- R1 4 X 15 ML,BIOCHEMISTRY,1.0
2025-04-24,Provincial General Hospital - Rathnapura,OSR6212,TBIL (TOTAL BILIRUBIN) REA- 4 X 40 ML & 4 X 40 ML,BIOCHEMISTRY,1.0
2025-04-24,Provincial General Hospital - Rathnapura,ODC0016,ITA CONTROL SERUM 3- 6 X 2 ML,BIOCHEMISTRY,1.0
2025-04-24,Provincial General Hospital - Rathnapura,OSR6211,DIRECT BILIRUBIN- R1 4X20 ML- R2 4X20 ML,BIOCHEMISTRY,1.0
2025-04-24,Provincial General Hospital - Rathnapura,OSR6109,AST (ASPARTATE AMINOTRANSFERASE) REAGENT R1 4X25ML/R2 4X25ML,BIOCHEMISTRY,7.0
2025-04-24,Provincial General Hospital - Rathnapura,MU919500,K ELECTRODE AU480 ANALYZER,BIOCHEMISTRY,1.0
2025-04-24,Provincial General Hospital - Rathnapura,66316,ISE HIGH SERUM STANDARD- 4 X 100 ML,BIOCHEMISTRY,1.0
2025-04-24,Provincial General Hospital - Rathnapura,66315,ISE LOW/HIGH URINE STANDARD,BIOCHEMISTRY,1.0
2025-04-24,District General Hospital - Mannar,26315089,GEM 3/3.5K BG/ISE/GL150 TEST IQM PAK,BLOODGAS & ELECTROLYTE,3.0
2025-04-24,Dr. Neville Fernando Teaching Hospital (NFTH),OSR0001,WASH SOLUTION- 6 X 2 L,BIOCHEMISTRY,1.0
2025-04-25,Base Hospital - Mahiyanganaya,26315089,GEM 3/3.5K BG/ISE/GL150 TEST IQM PAK,BLOODGAS & ELECTROLYTE,10.0
2025-04-25,Teaching Hospital - Kurunagala,A36920,"Thyroglobulin Antibody II Calibrators (S0-S5), Access®, 1 set, S0 - 4.0 mL; S1-S5 - 2.5 Ml",IMMUNOLOGY,1.0
2025-04-25,Teaching Hospital - Kurunagala,A32898,"Thyroglobulin Antibody II, Access®, 2 x 50 tests",IMMUNOLOGY,2.0
2025-05-07,District General Hospital - Matara,26330089,GEM 3/3.5K BG/ISE/GL 300 TEST IQM PAK,BLOODGAS & ELECTROLYTE,6.0
2025-05-07,District General Hospital - Matara,26307589,GEM 3/3.5K BG/ISE/GL075 TEST IQM PAK,BLOODGAS & ELECTROLYTE,1.0
2025-04-28,General Hospital (Teaching) Jaffna,26330089,GEM 3/3.5K BG/ISE/GL 300 TEST IQM PAK,BLOODGAS & ELECTROLYTE,4.0
2025-04-29,Teaching Hospital - Karapitiya,26330089,GEM 3/3.5K BG/ISE/GL 300 TEST IQM PAK,BLOODGAS & ELECTROLYTE,10.0
2025-04-29,Teaching Hospital - Karapitiya,5508-IL,PRINTER PAPER,LOCAL-PURCHASE,15.0
2025-04-29,Teaching Hospital - Karapitiya,5508-IL,PRINTER PAPER,LOCAL-PURCHASE,20.0
2025-05-02,National Hospital of Sri Lanka,5508-IL,PRINTER PAPER,LOCAL-PURCHASE,2.0
2025-05-09,General Hospital (Teaching) Kandy,26315089,GEM 3/3.5K BG/ISE/GL150 TEST IQM PAK,BLOODGAS & ELECTROLYTE,6.0
2025-05-05,R.D.H.S - Mullaitivu,OSR6020,GGT- R1 4 X 18 ML- R2 4 X 18 ML,BIOCHEMISTRY,1.0
2025-05-05,R.D.H.S - Mullaitivu,OSR6104,ALP (ALKALINE PHOSPHATASE) REAGENT,BIOCHEMISTRY,1.0
2025-05-05,R.D.H.S - Mullaitivu,OSR6112,TBIL (TOTAL BILIRUBIN) REAGENT,BIOCHEMISTRY,1.0
2025-05-05,R.D.H.S - Mullaitivu,OSR6211,DIRECT BILIRUBIN- R1 4X20 ML- R2 4X20 ML,BIOCHEMISTRY,1.0
2025-05-05,R.D.H.S - Mullaitivu,OSR6102,ALB (ALBUMIN) REAGENT- 4 X 29 ML,BIOCHEMISTRY,1.0
2025-05-05,R.D.H.S - Mullaitivu,OSR6132,TP (TOTAL PROTEIN) REAGENT- 4 X 25 ML & 4 X 25 ML,BIOCHEMISTRY,1.0
2025-05-07,Lady Ridgeway Hospital,9757600,FACTOR DILUENT 100ML,COAGULATION,5.0
2025-05-07,Lady Ridgeway Hospital,9831700,CLEANING SOLUTION 500ML,COAGULATION,5.0
2025-05-07,Lady Ridgeway Hospital,0009832700,CRITICAL CARE/HEMOSIL CLEANING AGENT 80ML,COAGULATION,10.0
2025-05-07,Lady Ridgeway Hospital,6800000,ROTORS SET (4x25 ROTORS),COAGULATION,10.0
2025-05-09,Teaching Hospital - Colombo North,20002400,EMULSION WASH-R ACL 9000-1L,COAGULATION,36.0
2025-05-09,Teaching Hospital - Colombo North,6800000,ROTORS SET (4x25 ROTORS),COAGULATION,10.0
2025-05-09,Teaching Hospital - Colombo North,9831700,CLEANING SOLUTION 500ML,COAGULATION,4.0
2025-05-09,Teaching Hospital - Colombo North,0009832700,CRITICAL CARE/HEMOSIL CLEANING AGENT 80ML,COAGULATION,1.0
2025-05-09,Teaching Hospital - Colombo North,00018200338,AIR FILTER ASSY PKG,IL SPARES,1.0
2025-05-09,Teaching Hospital - Colombo North,00018110834,"ASSY,PELTIER,ACL 9000",IL SPARES,1.0
2025-05-19,District General Hospital - Monaragala,OSR6287,HDL-CHOLESTEROL R14X51.3 R2 4X17.1 ML,BIOCHEMISTRY,1.0
2025-05-19,District General Hospital - Monaragala,OSR0001,WASH SOLUTION- 6 X 2 L,BIOCHEMISTRY,2.0
2025-05-19,District General Hospital - Monaragala,OSR6120,"GGT R1 4x40 ML,R2 4x40 ML",BIOCHEMISTRY,1.0
2025-05-19,District General Hospital - Monaragala,OSR6211,DIRECT BILIRUBIN- R1 4X20 ML- R2 4X20 ML,BIOCHEMISTRY,2.0
2025-05-19,District General Hospital - Monaragala,OSR6202,ALB(ALBUMIN)REAGENT 4X54ML,BIOCHEMISTRY,1.0
2025-05-19,District General Hospital - Monaragala,OSR61117,CALCIUM ARSENAZO- R1 4 X 29 ML,BIOCHEMISTRY,1.0
2025-05-19,District General Hospital - Monaragala,OSR6147,CRP- R1 4 X 14 ML- R2 4 X 6 ML,BIOCHEMISTRY,12.0
2025-05-19,District General Hospital - Monaragala,OSR6204,ALP (ALKALINE PHOSPHATASE) REAGENT,BIOCHEMISTRY,1.0
2025-05-19,District General Hospital - Monaragala,OSR6178,CREATININE- R1 4 X 51 ML- R2 4 X 51 ML,BIOCHEMISTRY,6.0
2025-05-19,District General Hospital - Monaragala,OSR6107,ALT (ALANINE AMINOTRANSFERASE) IFCC REAGENT,BIOCHEMISTRY,5.0
2025-05-19,District General Hospital - Monaragala,OSR6209,AST (ASPARTATE AMINOTRANSFERASE) REAGENT(R1 4X50ML R2 4X50ML),BIOCHEMISTRY,1.0
2025-05-19,District General Hospital - Monaragala,ODC0014,ITA CONTROL SERUM 1- 6 X 2 ML,BIOCHEMISTRY,1.0
2025-05-19,State Pharmaceuticals Corporation -Colombo,20011800,FACTOR VIII DEF PLASMA HEMOSIL 10XML,COAGULATION,15.0
2025-05-19,State Pharmaceuticals Corporation -Colombo,20011900,FACTOR IX DEF PLASMA HEMOSIL 10X1ML,COAGULATION,9.0
2025-05-19,State Pharmaceuticals Corporation -Colombo,00020011300,FACTOR XI DEFCIENT PLASMA,COAGULATION,1.0
2025-05-19,State Pharmaceuticals Corporation -Colombo,20301500,LAC SCREEN  10X2ML,COAGULATION,10.0
2025-05-19,State Pharmaceuticals Corporation -Colombo,20301600,LAC CONFIRM  10x2ML,COAGULATION,12.0
2025-05-19,State Pharmaceuticals Corporation -Colombo,20003700,CALIBRATION PLASMA HEMOSIL 10X1ML,COAGULATION,12.0
2025-05-09,Base Hospital - Avissawella,5508-IL,PRINTER PAPER,LOCAL-PURCHASE,4.0
nan,R.D.H.S - Monaragala,26307589,GEM 3/3.5K BG/ISE/GL075 TEST IQM PAK,BLOODGAS & ELECTROLYTE,3.0
2025-05-20,Dr. Neville Fernando Teaching Hospital (NFTH),OSR61205,UIBC,BIOCHEMISTRY,1.0
2025-06-03,National Hospital for Respiratory Diseases,5508-IL,PRINTER PAPER,LOCAL-PURCHASE,3.0
2025-05-22,Durdans Hospital,OSR0001,WASH SOLUTION- 6 X 2 L,BIOCHEMISTRY,1.0
2025-05-22,Base Hospital - Diyatalawa,26315089,GEM 3/3.5K BG/ISE/GL150 TEST IQM PAK,BLOODGAS & ELECTROLYTE,5.0
2025-05-22,Base Hospital - Dambulla,24315089,GEM 3K BG/ISE/GL150 TEST IQM CARTRIDGE,BLOODGAS & ELECTROLYTE,2.0
2025-05-26,Teaching Hospital - Karapitiya,26307589,GEM 3/3.5K BG/ISE/GL075 TEST IQM PAK,BLOODGAS & ELECTROLYTE,1.0
2025-05-27,District General Hospital - Matara,B38858,URINE CSF ALBUMIN,BIOCHEMISTRY,8.0
2025-05-27,District General Hospital - Matara,OSR6147,CRP- R1 4 X 14 ML- R2 4 X 6 ML,BIOCHEMISTRY,25.0
2025-05-27,Dr. Neville Fernando Teaching Hospital (NFTH),66300,SYSTEM CALIBRATOR- 20 X 5 ML,BIOCHEMISTRY,1.0
2025-05-28,Teaching Hospital - Kurunagala,A36920,"Thyroglobulin Antibody II Calibrators (S0-S5), Access®, 1 set, S0 - 4.0 mL; S1-S5 - 2.5 Ml",IMMUNOLOGY,1.0
2025-05-28,Teaching Hospital - Kurunagala,A32898,"Thyroglobulin Antibody II, Access®, 2 x 50 tests",IMMUNOLOGY,2.0
2025-05-28,Teaching Hospital - Karapitiya,26315089,GEM 3/3.5K BG/ISE/GL150 TEST IQM PAK,BLOODGAS & ELECTROLYTE,6.0
2025-05-28,Teaching Hospital - Karapitiya,5508-IL,PRINTER PAPER,LOCAL-PURCHASE,4.0
2025-05-30,Teaching Hospital - Kurunagala,00020003310,HIGH ABNORMAL CONTROL ASSAYED,COAGULATION,18.0
2025-05-30,Teaching Hospital - Kurunagala,20301500,LAC SCREEN  10X2ML,COAGULATION,2.0
2025-05-30,Teaching Hospital - Kurunagala,6800000,ROTORS SET (4x25 ROTORS),COAGULATION,25.0
2025-05-30,Teaching Hospital - Kurunagala,20007400,APTT RGT SYNTHAFAX HEMOSIL,COAGULATION,5.0
2025-05-30,Teaching Hospital - Kurunagala,8469810,PT RGT PT-FIBRINOGEN HS PLUS 5+5X8ML,COAGULATION,5.0
2025-05-30,Teaching Hospital - Kurunagala,20006800,APTT RGT SYNTHASIL HEMOSIL,COAGULATION,1.0
2025-05-30,Teaching Hospital - Kurunagala,00020301100,FIBRINOGEN-CLAUSS KIT HEMOSIL 10X2ML,COAGULATION,4.0
2025-05-30,Teaching Hospital - Kurunagala,9758515,THROMBIN TIME KIT 90-370 TEST,COAGULATION,4.0
2025-05-30,Teaching Hospital - Kurunagala,20011800,FACTOR VIII DEF PLASMA HEMOSIL 10XML,COAGULATION,10.0
2025-05-30,Teaching Hospital - Kurunagala,20011900,FACTOR IX DEF PLASMA HEMOSIL 10X1ML,COAGULATION,10.0
2025-05-30,Teaching Hospital - Kurunagala,00020003110,NORMAL CONTROL ASSAYED 10X1ML,COAGULATION,18.0
2025-05-30,Teaching Hospital - Kurunagala,20002400,EMULSION WASH-R ACL 9000-1L,COAGULATION,50.0
2025-05-30,Teaching Hospital - Kurunagala,20301600,LAC CONFIRM  10x2ML,COAGULATION,2.0
2025-05-30,Teaching Hospital - Kurunagala,20003700,CALIBRATION PLASMA HEMOSIL 10X1ML,COAGULATION,10.0
2025-05-30,Teaching Hospital - Kurunagala,9831700,CLEANING SOLUTION 500ML,COAGULATION,6.0
2025-05-30,Teaching Hospital - Kurunagala,9757600,FACTOR DILUENT 100ML,COAGULATION,2.0
2025-05-30,Teaching Hospital - Kurunagala,00006799200,SAMPLE CUPS 0.5ML (1000/PK),COAGULATION,2.0
2025-06-03,Teaching Hospital - Peradeniya,33530,PROLACTIN- ACCESS®- 2 X 50 TESTS,IMMUNOLOGY,1.0
2025-06-03,Teaching Hospital - Peradeniya,33550,PROGESTERONE- ACCESS®- 2 X 50 TESTS,IMMUNOLOGY,1.0
2025-06-03,Teaching Hospital - Peradeniya,33560,TESTOSTERONE- ACCESS®- 2 X 50 TESTS,IMMUNOLOGY,1.0
2025-06-03,Teaching Hospital - Peradeniya,A16792,WASH BUFFER II- ACCESS®- 4 BOTTLES- 1.9 L/BOTTLE,IMMUNOLOGY,10.0
2025-06-03,Teaching Hospital - Peradeniya,81901,REACTION/ALIQUOT VESSEL CARTRIDGES-1 BOX,IMMUNOLOGY,6.0
2025-06-03,Teaching Hospital - Peradeniya,81906,SUBSTRATE- ACCESS®- 4 BOTTLES- 130 ML/BOTTLE,IMMUNOLOGY,3.0
2025-06-03,Teaching Hospital - Peradeniya,386357,OV MONITOR 2X50 TESTS,IMMUNOLOGY,1.0
2025-08-04,General Hospital (Teaching) Kandy,9758515,"THROMBIN TIME KIT 90-370 TEST(1X9ML,4X2,5,8 ML)",COAGULATION,1.0
2025-08-04,General Hospital (Teaching) Kandy,00020301100,FIBRINOGEN-CLAUSS KIT HEMOSIL 10X2ML,COAGULATION,1.0
2025-08-04,General Hospital (Teaching) Kandy,20002400,EMULSION WASH-R ACL 9000-1L,COAGULATION,36.0
2025-08-04,General Hospital (Teaching) Kandy,0009832700,CRITICAL CARE/HEMOSIL CLEANING AGENT 80ML,COAGULATION,1.0
2025-08-04,General Hospital (Teaching) Kandy,00020008700,FACTOR V LEIDEN [APC RV] HEMOSIL,COAGULATION,1.0
2025-08-04,General Hospital (Teaching) Kandy,20002500,LIQUID ANTITHROMBIN,COAGULATION,2.0
2025-08-04,General Hospital (Teaching) Kandy,9831700,CLEANING SOLUTION 500ML,COAGULATION,2.0
2025-08-04,General Hospital (Teaching) Kandy,20002700,FREE PROTEIN S 75 TESTS,IL-COAGULATION-REAGENT-CSD,2.0
2025-08-04,General Hospital (Teaching) Kandy,20300500,PROTEIN C HEMOSIL,COAGULATION,2.0
2025-08-04,General Hospital (Teaching) Kandy,20006800,APTT RGT SYNTHASIL HEMOSIL,COAGULATION,12.0
2025-08-04,General Hospital (Teaching) Kandy,6800000,ROTORS SET (4x25 ROTORS),COAGULATION,18.0
2025-06-05,Teaching Hospital - Peradeniya,26330089,GEM 3/3.5K BG/ISE/GL 300 TEST IQM PAK,BLOODGAS & ELECTROLYTE,24.0
2025-06-09,Teaching Hospital - Peradeniya,OSR60118,TRIG (TRIGLYCERIDES) REAGENT- 4 X 20 ML & 4 X 5 ML,BIOCHEMISTRY,2.0
2025-06-09,Teaching Hospital - Peradeniya,OSR0001,WASH SOLUTION- 6 X 2 L,BIOCHEMISTRY,1.0
2025-06-09,Teaching Hospital - Peradeniya,OSR6221,GLUCOSE- R1 4 X 53 ML- R2 4 X 27 ML,BIOCHEMISTRY,2.0
2025-06-09,Teaching Hospital - Peradeniya,OSR61205,UIBC,BIOCHEMISTRY,2.0
2025-06-09,Teaching Hospital - Peradeniya,66319,ISE MID STANDARD- 4 X 2000 ML,BIOCHEMISTRY,2.0
2025-06-09,Teaching Hospital - Peradeniya,ODC0028,RF LATEX CALIBRATOR (LEVEL 1-5) 1X1 ML,BIOCHEMISTRY,1.0
2025-06-09,Teaching Hospital - Peradeniya,OSR6128,LDH- R1 4 X 40 ML- R2 4 X 20 ML,BIOCHEMISTRY,1.0
2025-06-09,Teaching Hospital - Peradeniya,66300,SYSTEM CALIBRATOR- 20 X 5 ML,BIOCHEMISTRY,1.0
2025-06-09,Teaching Hospital - Peradeniya,OSR6112,TBIL (TOTAL BILIRUBIN) REAGENT,BIOCHEMISTRY,1.0
2025-06-09,Teaching Hospital - Peradeniya,OSR6132,TP (TOTAL PROTEIN) REAGENT- 4 X 25 ML & 4 X 25 ML,BIOCHEMISTRY,1.0
2025-06-09,Teaching Hospital - Peradeniya,OSR61105,RF LATEX- R1 4 X 24 ML- R2 4 X 8 ML,BIOCHEMISTRY,1.0
2025-06-09,Teaching Hospital - Peradeniya,OSR6186,IRON- R1 4 X 15 ML- R2 4 X 15 ML,BIOCHEMISTRY,1.0
2025-06-09,Teaching Hospital - Peradeniya,OSR6134,UREA- R1 4 X 25 ML- R2 4 X 25 ML,BIOCHEMISTRY,1.0
2025-06-09,Teaching Hospital - Peradeniya,OSR6116,CHOLESTEROL 4 X 22.5 ML R1,BIOCHEMISTRY,2.0
2025-06-09,Teaching Hospital - Peradeniya,OSR61204,CREATININE (ENZYMATIC) R1 4X45ML R2 4X15ML,BIOCHEMISTRY,6.0
2025-06-09,Teaching Hospital - Peradeniya,OSR6287,HDL-CHOLESTEROL R14X51.3 R2 4X17.1 ML,BIOCHEMISTRY,2.0
2025-06-09,Teaching Hospital - Peradeniya,OSR6020,GGT- R1 4 X 18 ML- R2 4 X 18 ML,BIOCHEMISTRY,1.0
2025-06-09,Teaching Hospital - Peradeniya,OSR6147,CRP- R1 4 X 14 ML- R2 4 X 6 ML,BIOCHEMISTRY,4.0
2025-06-09,Teaching Hospital - Peradeniya,OSR6106,AMYLASE REAGENT- 4 X 40 ML,BIOCHEMISTRY,1.0
2025-06-09,Teaching Hospital - Peradeniya,OSR6198,URIC ACID REAGENT- 4 X 30 ML & 4 X 12.5 ML,BIOCHEMISTRY,1.0
2025-06-09,Teaching Hospital - Peradeniya,66320,ISE BUFFER- 4 X 2000 ML,BIOCHEMISTRY,1.0
2025-06-11,Teaching Hospital - Kurunagala,26330089,GEM 3/3.5K BG/ISE/GL 300 TEST IQM PAK,BLOODGAS & ELECTROLYTE,5.0
2025-06-12,General Hospital - Kalutara,26307589,GEM 3/3.5K BG/ISE/GL075 TEST IQM PAK,BLOODGAS & ELECTROLYTE,1.0
2025-06-12,Lady Ridgeway Hospital,8469810,PT RGT PT-FIBRINOGEN HS PLUS 5+5X8ML,COAGULATION,30.0
2025-06-12,Lady Ridgeway Hospital,20006800,APTT RGT SYNTHASIL HEMOSIL,COAGULATION,12.0
2025-05-07,New District General Hospital - Kaburugamuwa,26307589,GEM 3/3.5K BG/ISE/GL075 TEST IQM PAK,BLOODGAS & ELECTROLYTE,1.0
2025-05-07,New District General Hospital - Kaburugamuwa,26330089,GEM 3/3.5K BG/ISE/GL 300 TEST IQM PAK,BLOODGAS & ELECTROLYTE,6.0
2025-06-16,R.D.H.S - Kalutara,26315089,GEM 3/3.5K BG/ISE/GL150 TEST IQM PAK,BLOODGAS & ELECTROLYTE,8.0
2025-06-16,R.D.H.S - Kalutara,5508-IL,PRINTER PAPER,LOCAL-PURCHASE,3.0
2025-06-16,R.D.H.S - Kalutara,26315089,GEM 3/3.5K BG/ISE/GL150 TEST IQM PAK,BLOODGAS & ELECTROLYTE,8.0
2025-06-16,R.D.H.S - Kalutara,26307589,GEM 3/3.5K BG/ISE/GL075 TEST IQM PAK,BLOODGAS & ELECTROLYTE,3.0
2025-06-16,General Hospital - Kalutara,26330089,GEM 3/3.5K BG/ISE/GL 300 TEST IQM PAK,BLOODGAS & ELECTROLYTE,6.0
2025-06-16,General Hospital - Kalutara,5508-IL,PRINTER PAPER,LOCAL-PURCHASE,4.0
2025-06-11,Base Hospital - Akkaraipattu,5508-IL,PRINTER PAPER,LOCAL-PURCHASE,2.0
2025-06-11,Base Hospital - Akkaraipattu,26330089,GEM 3/3.5K BG/ISE/GL 300 TEST IQM PAK,BLOODGAS & ELECTROLYTE,2.0
2025-06-16,Dr. Neville Fernando Teaching Hospital (NFTH),66318,ISE REFERENCE- 4 X 1000 ML,BIOCHEMISTRY,1.0
2025-06-15,District General Hospital - Embilipitiya,26330089,GEM 3/3.5K BG/ISE/GL 300 TEST IQM PAK,BLOODGAS & ELECTROLYTE,3.0
2025-06-15,District General Hospital - Embilipitiya,5508-IL,PRINTER PAPER,LOCAL-PURCHASE,2.0
2025-06-17,General Hospital (Teaching) Jaffna,26330089,GEM 3/3.5K BG/ISE/GL 300 TEST IQM PAK,BLOODGAS & ELECTROLYTE,4.0
2025-06-17,General Hospital (Teaching) Jaffna,5508-IL,PRINTER PAPER,LOCAL-PURCHASE,2.0
2025-06-17,General Hospital (Teaching) Jaffna,24330089,GEM 3K BG/ISE/GL 300 TEST IQM CARTRIDGE,BLOODGAS & ELECTROLYTE,4.0
2025-06-17,General Hospital (Teaching) Jaffna,8217000,HEPARIN CAPILLARIES (REF 105107),BLOODGAS & ELECTROLYTE,2.0
2025-06-19,R.D.H.S - Gampaha,26315089,GEM 3/3.5K BG/ISE/GL150 TEST IQM PAK,BLOODGAS & ELECTROLYTE,2.0
2025-06-23,Teaching Hospital - Anuradhapura,OSR0001,WASH SOLUTION- 6 X 2 L,BIOCHEMISTRY,17.0
2025-06-23,Teaching Hospital - Anuradhapura,OSR61205,UIBC,BIOCHEMISTRY,1.0
2025-06-23,Teaching Hospital - Anuradhapura,OSR6170,URINARY/CSF PROTEIN- R1 4X19 ML- CALIBRATOR 1X3 ML,BIOCHEMISTRY,2.0
2025-06-23,Teaching Hospital - Anuradhapura,OSR6147,CRP- R1 4 X 14 ML- R2 4 X 6 ML,BIOCHEMISTRY,90.0
2025-06-23,Teaching Hospital - Anuradhapura,OSR6179,CK (NAC)- R1-1 4X22 ML- R1-2 4X4 ML- R2 4X6 ML,BIOCHEMISTRY,2.0
2025-06-23,Teaching Hospital - Anuradhapura,B38858,URINE CSF ALBUMIN,BIOCHEMISTRY,4.0
2025-06-23,Teaching Hospital - Anuradhapura,OSR6128,LDH- R1 4 X 40 ML- R2 4 X 20 ML,BIOCHEMISTRY,4.0
2025-06-23,Teaching Hospital - Anuradhapura,OSR6189,MAGNESIUM- R1 4 X 40 ML,BIOCHEMISTRY,10.0
2025-06-23,Teaching Hospital - Anuradhapura,00006799200,SAMPLE CUPS 0.5ML (1000/PK),COAGULATION,1.0
2025-06-23,Teaching Hospital - Anuradhapura,MU919700,REFERENCE ELECTRODE AU480 ANALYZER,BIOCHEMISTRY,1.0
2025-06-23,Teaching Hospital - Anuradhapura,MU919600,CL ELECTRODE AU480 ANALYZER,BIOCHEMISTRY,1.0
2025-06-23,Teaching Hospital - Anuradhapura,OSR6212,TBIL (TOTAL BILIRUBIN) REA- 4 X 40 ML & 4 X 40 ML,BIOCHEMISTRY,1.0
2025-06-23,Teaching Hospital - Anuradhapura,MU919500,K ELECTRODE AU480 ANALYZER,BIOCHEMISTRY,1.0
2025-06-23,Teaching Hospital - Anuradhapura,MU919400,NA ELECTRODE AU480 ANALYZER,BIOCHEMISTRY,1.0
2025-06-23,Teaching Hospital - Anuradhapura,OSR6232,TP (TOTAL PROTEIN) REAGENT- 4 X 48 ML & 4 X 48 ML,BIOCHEMISTRY,1.0
2025-06-23,Teaching Hospital - Anuradhapura,OSR6104,ALP (ALKALINE PHOSPHATASE) REAGENT,BIOCHEMISTRY,2.0
2025-06-23,Teaching Hospital - Anuradhapura,OSR6187,HDL-CHOLESTEROL- R1 4X27 ML- R2 4X9 ML,BIOCHEMISTRY,20.0
2025-06-23,Teaching Hospital - Anuradhapura,66319,ISE MID STANDARD- 4 X 2000 ML,BIOCHEMISTRY,20.0
2025-06-23,Teaching Hospital - Anuradhapura,66320,ISE BUFFER- 4 X 2000 ML,BIOCHEMISTRY,23.0
2025-06-23,Teaching Hospital - Anuradhapura,66318,ISE REFERENCE- 4 X 1000 ML,BIOCHEMISTRY,13.0
2025-06-23,Teaching Hospital - Anuradhapura,OSR6234,UREA- R1 4 X 53 ML- R2 4 X 53 ML,BIOCHEMISTRY,2.0
2025-06-23,Teaching Hospital - Anuradhapura,OSR6178,CREATININE- R1 4 X 51 ML- R2 4 X 51 ML,BIOCHEMISTRY,40.0
2025-06-23,Teaching Hospital - Anuradhapura,OSR60117,CALCIUM ARSENAZO- R1 4 X 15 ML,BIOCHEMISTRY,2.0
2025-06-23,Teaching Hospital - Anuradhapura,OSR6182,AMYLASE,BIOCHEMISTRY,3.0
2025-06-23,Teaching Hospital - Anuradhapura,OSR6020,GGT- R1 4 X 18 ML- R2 4 X 18 ML,BIOCHEMISTRY,18.0
2025-06-23,Teaching Hospital - Anuradhapura,OSR6102,ALB (ALBUMIN) REAGENT- 4 X 29 ML,BIOCHEMISTRY,15.0
2025-06-23,Teaching Hospital - Anuradhapura,OSR6107,ALT (ALANINE AMINOTRANSFERASE) IFCC REAGENT,BIOCHEMISTRY,3.0
2025-06-23,Teaching Hospital - Anuradhapura,OSR6222,INORGANIC PHOSPHOROUS- R1 4X40 ML- R2 4X40 ML,BIOCHEMISTRY,2.0
2025-06-23,Teaching Hospital - Anuradhapura,OSR6109,AST (ASPARTATE AMINOTRANSFERASE) REAGENT R1 4X25ML/R2 4X25ML,BIOCHEMISTRY,3.0
2025-06-25,National Hospital of Sri Lanka,OSR6147,CRP- R1 4 X 14 ML- R2 4 X 6 ML,BIOCHEMISTRY,20.0
2025-06-25,National Hospital of Sri Lanka,ODR3033,D-DIMER CALIBRATOR,BIOCHEMISTRY,1.0
2025-06-25,National Hospital of Sri Lanka,B64606,URINE CALIBRATOR,BIOCHEMISTRY,1.0
2025-06-25,National Hospital of Sri Lanka,ODR3021,SERUM PROTEIN MULTI CALIBRATOR (LEVEL 1-6) 1X2 ML,BIOCHEMISTRY,1.0
2025-06-25,National Hospital of Sri Lanka,ODC0028,RF LATEX CALIBRATOR (LEVEL 1-5) 1X1 ML,BIOCHEMISTRY,1.0
2025-06-25,National Hospital of Sri Lanka,ODC0016,ITA CONTROL SERUM 3- 6 X 2 ML,BIOCHEMISTRY,1.0
2025-06-25,National Hospital of Sri Lanka,ODC0015,ITA CONTROL SERUM 2- 6 X 2 ML,BIOCHEMISTRY,1.0
2025-06-25,National Hospital of Sri Lanka,ODC0014,ITA CONTROL SERUM 1- 6 X 2 ML,BIOCHEMISTRY,1.0
2025-06-25,National Hospital of Sri Lanka,ODC0011,HDL-CHOLESTEROL CALIBRATOR- 2 X 3 ML,BIOCHEMISTRY,1.0
2025-06-25,National Hospital of Sri Lanka,66313,ISE NA+/K+ SELECTIVITY CHECK- 2 X 25 ML,BIOCHEMISTRY,1.0
2025-06-25,National Hospital of Sri Lanka,MU919600,CL ELECTRODE AU480 ANALYZER,BIOCHEMISTRY,2.0
2025-06-25,National Hospital of Sri Lanka,OSR61105,RF LATEX- R1 4 X 24 ML- R2 4 X 8 ML,BIOCHEMISTRY,1.0
2025-06-25,National Hospital of Sri Lanka,OSR6198,URIC ACID REAGENT- 4 X 30 ML & 4 X 12.5 ML,BIOCHEMISTRY,1.0
2025-06-25,National Hospital of Sri Lanka,OSR6211,DIRECT BILIRUBIN- R1 4X20 ML- R2 4X20 ML,BIOCHEMISTRY,4.0
2025-06-25,National Hospital of Sri Lanka,OSR60135,D-DIMER REAGENT,BIOCHEMISTRY,1.0
2025-06-25,National Hospital of Sri Lanka,OSR6170,URINARY/CSF PROTEIN- R1 4X19 ML- CALIBRATOR 1X3 ML,BIOCHEMISTRY,6.0
2025-06-25,National Hospital of Sri Lanka,OSR61205,UIBC,BIOCHEMISTRY,2.0
2025-06-25,National Hospital of Sri Lanka,OSR6122,INORGANIC PHOSPHOROUS- R1 4X15 ML- R2 4X15 ML,BIOCHEMISTRY,1.0
2025-06-25,National Hospital of Sri Lanka,ODC0029,D-DIMER CONTROL,BIOCHEMISTRY,1.0
2025-07-04,Teaching Hospital - Kurunagala,ODC0011,HDL-CHOLESTEROL CALIBRATOR- 2 X 3 ML,BIOCHEMISTRY,1.0
2025-07-04,Teaching Hospital - Kurunagala,OSR6187,HDL-CHOLESTEROL- R1 4X27 ML- R2 4X9 ML,BIOCHEMISTRY,6.0
2025-07-04,Teaching Hospital - Kurunagala,OSR6221,GLUCOSE- R1 4 X 53 ML- R2 4 X 27 ML,BIOCHEMISTRY,5.0
2025-07-04,Teaching Hospital - Kurunagala,OSR6020,GGT- R1 4 X 18 ML- R2 4 X 18 ML,BIOCHEMISTRY,5.0
2025-07-04,Teaching Hospital - Kurunagala,OSR6147,CRP- R1 4 X 14 ML- R2 4 X 6 ML,BIOCHEMISTRY,50.0
2025-07-04,Teaching Hospital - Kurunagala,OSR6178,CREATININE- R1 4 X 51 ML- R2 4 X 51 ML,BIOCHEMISTRY,15.0
2025-07-04,Teaching Hospital - Kurunagala,OSR6116,CHOLESTEROL 4 X 22.5 ML R1,BIOCHEMISTRY,4.0
2025-07-04,Teaching Hospital - Kurunagala,OSR61117,CALCIUM ARSENAZO- R1 4 X 29 ML,BIOCHEMISTRY,3.0
2025-07-04,Teaching Hospital - Kurunagala,OSR6170,URINARY/CSF PROTEIN- R1 4X19 ML- CALIBRATOR 1X3 ML,BIOCHEMISTRY,1.0
2025-07-04,Teaching Hospital - Kurunagala,B64606,URINE CALIBRATOR,BIOCHEMISTRY,1.0
2025-07-04,Teaching Hospital - Kurunagala,OSR6109,AST (ASPARTATE AMINOTRANSFERASE) REAGENT R1 4X25ML/R2 4X25ML,BIOCHEMISTRY,8.0
2025-07-04,Teaching Hospital - Kurunagala,OSR6107,ALT (ALANINE AMINOTRANSFERASE) IFCC REAGENT,BIOCHEMISTRY,10.0
2025-07-04,Teaching Hospital - Kurunagala,ODR3021,SERUM PROTEIN MULTI CALIBRATOR (LEVEL 1-6) 1X2 ML,BIOCHEMISTRY,1.0
2025-07-04,Teaching Hospital - Kurunagala,00006799200,SAMPLE CUPS 0.5ML (1000/PK),COAGULATION,1.0
2025-07-04,Teaching Hospital - Kurunagala,MU919400,NA ELECTRODE AU480 ANALYZER,BIOCHEMISTRY,1.0
2025-07-04,Teaching Hospital - Kurunagala,MU919500,K ELECTRODE AU480 ANALYZER,BIOCHEMISTRY,1.0
2025-07-04,Teaching Hospital - Kurunagala,MU919700,REFERENCE ELECTRODE AU480 ANALYZER,BIOCHEMISTRY,1.0
2025-07-04,Teaching Hospital - Kurunagala,66315,ISE LOW/HIGH URINE STANDARD,BIOCHEMISTRY,1.0
2025-07-04,Teaching Hospital - Kurunagala,OSR6104,ALP (ALKALINE PHOSPHATASE) REAGENT,BIOCHEMISTRY,5.0
2025-07-04,Teaching Hospital - Kurunagala,OSR6106,AMYLASE REAGENT- 4 X 40 ML,BIOCHEMISTRY,2.0
2025-07-04,Teaching Hospital - Kurunagala,OSR6102,ALB (ALBUMIN) REAGENT- 4 X 29 ML,BIOCHEMISTRY,5.0
2025-07-04,Teaching Hospital - Kurunagala,66300,SYSTEM CALIBRATOR- 20 X 5 ML,BIOCHEMISTRY,1.0
2025-07-04,Teaching Hospital - Kurunagala,66313,ISE NA+/K+ SELECTIVITY CHECK- 2 X 25 ML,BIOCHEMISTRY,1.0
2025-07-04,Teaching Hospital - Kurunagala,66317,ISE LOW SERUM STANDARD- 4 X 100 ML,BIOCHEMISTRY,1.0
2025-07-04,Teaching Hospital - Kurunagala,66316,ISE HIGH SERUM STANDARD- 4 X 100 ML,BIOCHEMISTRY,1.0
2025-07-04,Teaching Hospital - Kurunagala,66314,ISE INTERNAL REFERENCE- 2 X 25 ML,BIOCHEMISTRY,1.0
2025-07-04,Teaching Hospital - Kurunagala,66319,ISE MID STANDARD- 4 X 2000 ML,BIOCHEMISTRY,15.0
2025-07-04,Teaching Hospital - Kurunagala,66320,ISE BUFFER- 4 X 2000 ML,BIOCHEMISTRY,12.0
2025-07-04,Teaching Hospital - Kurunagala,66318,ISE REFERENCE- 4 X 1000 ML,BIOCHEMISTRY,6.0
2025-07-04,Teaching Hospital - Kurunagala,OSR0001,WASH SOLUTION- 6 X 2 L,BIOCHEMISTRY,8.0
2025-07-04,Teaching Hospital - Kurunagala,66039,CLEANING SOLUTION- 6 X 500 ML,BIOCHEMISTRY,1.0
2025-07-04,Teaching Hospital - Kurunagala,OSR6198,URIC ACID REAGENT- 4 X 30 ML & 4 X 12.5 ML,BIOCHEMISTRY,1.0
2025-07-04,Teaching Hospital - Kurunagala,OSR6234,UREA- R1 4 X 53 ML- R2 4 X 53 ML,BIOCHEMISTRY,2.0
2025-07-04,Teaching Hospital - Kurunagala,OSR61118,TRIG (TRIGLYCERIDES) REAGENT,BIOCHEMISTRY,4.0
2025-07-04,Teaching Hospital - Kurunagala,OSR6132,TP (TOTAL PROTEIN) REAGENT- 4 X 25 ML & 4 X 25 ML,BIOCHEMISTRY,4.0
2025-07-04,Teaching Hospital - Kurunagala,OSR6211,DIRECT BILIRUBIN- R1 4X20 ML- R2 4X20 ML,BIOCHEMISTRY,4.0
2025-07-04,Teaching Hospital - Kurunagala,OSR6112,TBIL (TOTAL BILIRUBIN) REAGENT,BIOCHEMISTRY,6.0
2025-07-04,Teaching Hospital - Kurunagala,OSR6122,INORGANIC PHOSPHOROUS- R1 4X15 ML- R2 4X15 ML,BIOCHEMISTRY,3.0
2025-07-04,Teaching Hospital - Kurunagala,OSR6128,LDH- R1 4 X 40 ML- R2 4 X 20 ML,BIOCHEMISTRY,2.0
2025-07-04,Teaching Hospital - Kurunagala,OSR6189,MAGNESIUM- R1 4 X 40 ML,BIOCHEMISTRY,3.0
2025-06-26,Teaching Hospital - Anuradhapura,5508-IL,PRINTER PAPER,LOCAL-PURCHASE,10.0
2025-06-26,Teaching Hospital - Anuradhapura,26315089,GEM 3/3.5K BG/ISE/GL150 TEST IQM PAK,BLOODGAS & ELECTROLYTE,10.0
2025-07-04,Teaching Hospital - Kurunagala,33880,FREE T4- ACCESS®- 2 X 50 TESTS,IMMUNOLOGY,7.0
2025-07-04,Teaching Hospital - Kurunagala,81910,SYSTEM CHECK SOLUTION,IMMUNOLOGY,1.0
2025-07-04,Teaching Hospital - Kurunagala,33565,TESTOSTERONE CALIBRATORS (S0-S5)- 1 SET,IMMUNOLOGY,1.0
2025-07-04,Teaching Hospital - Kurunagala,33535,PROLACTIN CALIBRATORS (S0-S5) 1 SET,IMMUNOLOGY,1.0
2025-07-04,Teaching Hospital - Kurunagala,81906,SUBSTRATE- ACCESS®- 4 BOTTLES- 130 ML/BOTTLE,IMMUNOLOGY,15.0
2025-07-04,Teaching Hospital - Kurunagala,33560,TESTOSTERONE- ACCESS®- 2 X 50 TESTS,IMMUNOLOGY,2.0
2025-07-04,Teaching Hospital - Kurunagala,33605,CORTISOL CALIBRATORS,IMMUNOLOGY,1.0
2025-07-04,Teaching Hospital - Kurunagala,A13422,FREE T3- ACCESS®- 2 X 50 TESTS,IMMUNOLOGY,2.0
2025-07-04,Teaching Hospital - Kurunagala,33020,FERRITIN- ACCESS®- 2 X 50 TESTS,IMMUNOLOGY,15.0
2025-07-04,Teaching Hospital - Kurunagala,A16792,WASH BUFFER II- ACCESS®- 4 BOTTLES- 1.9 L/BOTTLE,IMMUNOLOGY,40.0
2025-07-04,Teaching Hospital - Kurunagala,A13430,FREE T3 CALIBRATORS (S0-S5)- ACCESS®- 1 SET,IMMUNOLOGY,1.0
2025-07-04,Teaching Hospital - Kurunagala,B63285,ACCESS TSH (3RD IS) CALIBRATORS,IMMUNOLOGY,1.0
2025-07-04,Teaching Hospital - Kurunagala,33510,HLH- ACCESS®- 2 X 50 TESTS,IMMUNOLOGY,2.0
2025-07-04,Teaching Hospital - Kurunagala,33520,HFSH- ACCESS®- 2 X 50 TESTS,IMMUNOLOGY,2.0
2025-07-04,Teaching Hospital - Kurunagala,33530,PROLACTIN- ACCESS®- 2 X 50 TESTS,IMMUNOLOGY,2.0
2025-07-04,Teaching Hospital - Kurunagala,B63284,ACCESS TSH (3RD IS) 2x100 DET,IMMUNOLOGY,20.0
2025-07-04,Teaching Hospital - Kurunagala,A85264,TOTAL BETA-HCG- ACCESS®- 2 X 50 TESTS(33500),IMMUNOLOGY,4.0
2025-07-04,Teaching Hospital - Kurunagala,33600,CORTISOL- ACCESS®- 2 X 50 TESTS,IMMUNOLOGY,3.0
2025-07-04,Teaching Hospital - Kurunagala,81901,REACTION/ALIQUOT VESSEL CARTRIDGES-1 BOX,IMMUNOLOGY,15.0
2025-07-04,Teaching Hospital - Kurunagala,81904,WASTE BAGS- ACCESS®- 1 BOX- 20 BAGS/BOX,IMMUNOLOGY,5.0
2025-07-04,Teaching Hospital - Kurunagala,33025,FERRITIN CALIBRATORS (S0-S5)- 1 SET,IMMUNOLOGY,1.0
2025-07-04,Teaching Hospital - Kurunagala,33515,HLH CALIBRATORS (S0-S5)- 1 SET,IMMUNOLOGY,1.0
2025-07-04,Teaching Hospital - Kurunagala,33525,HFSH CALIBRATORS (S0-S5)- 1 SET,IMMUNOLOGY,1.0
2025-07-04,Teaching Hospital - Kurunagala,B11754,TOTAL BETA- HCG CALIBRATORS S0-S5,IMMUNOLOGY,1.0
2025-07-04,Teaching Hospital - Kurunagala,33885,FREE T4 CALIBRATORS (S0-S5)- 1 SET,IMMUNOLOGY,1.0
2025-07-01,Lady Ridgeway Hospital,26330089,GEM 3/3.5K BG/ISE/GL 300 TEST IQM PAK,BLOODGAS & ELECTROLYTE,1.0
2025-07-01,Lady Ridgeway Hospital,5508-IL,PRINTER PAPER,LOCAL-PURCHASE,1.0
2025-06-30,National Hospital of Sri Lanka,5508-IL,PRINTER PAPER,LOCAL-PURCHASE,1.0
2025-06-30,National Hospital of Sri Lanka,26307589,GEM 3/3.5K BG/ISE/GL075 TEST IQM PAK,BLOODGAS & ELECTROLYTE,2.0
2025-07-02,Teaching Hospital Colombo South,OSR6279,CK-NAC,BIOCHEMISTRY,2.0
2025-07-02,Teaching Hospital Colombo South,OSR6186,IRON- R1 4 X 15 ML- R2 4 X 15 ML,BIOCHEMISTRY,2.0
2025-07-02,Teaching Hospital Colombo South,OSR6178,CREATININE- R1 4 X 51 ML- R2 4 X 51 ML,BIOCHEMISTRY,22.0
2025-07-02,Teaching Hospital Colombo South,OSR6107,ALT (ALANINE AMINOTRANSFERASE) IFCC REAGENT,BIOCHEMISTRY,12.0
2025-07-02,Teaching Hospital Colombo South,OSR6109,AST (ASPARTATE AMINOTRANSFERASE) REAGENT R1 4X25ML/R2 4X25ML,BIOCHEMISTRY,12.0
2025-07-02,Teaching Hospital Colombo South,OSR6212,TBIL (TOTAL BILIRUBIN) REA- 4 X 40 ML & 4 X 40 ML,BIOCHEMISTRY,4.0
2025-07-02,Teaching Hospital Colombo South,OSR6106,AMYLASE REAGENT- 4 X 40 ML,BIOCHEMISTRY,2.0
2025-07-02,Teaching Hospital Colombo South,OSR6211,DIRECT BILIRUBIN- R1 4X20 ML- R2 4X20 ML,BIOCHEMISTRY,9.0
2025-07-02,Teaching Hospital Colombo South,OSR6120,GGT,BIOCHEMISTRY,3.0
2025-07-02,Teaching Hospital Colombo South,OSR6132,TP (TOTAL PROTEIN) REAGENT- 4 X 25 ML & 4 X 25 ML,BIOCHEMISTRY,2.0
2025-07-02,Teaching Hospital Colombo South,OSR6202,ALB(ALBUMIN)REAGENT 4X54ML,BIOCHEMISTRY,3.0
2025-07-02,Teaching Hospital Colombo South,OSR61117,CALCIUM ARSENAZO- R1 4 X 29 ML,BIOCHEMISTRY,3.0
2025-07-02,Teaching Hospital Colombo South,OSR6189,MAGNESIUM- R1 4 X 40 ML,BIOCHEMISTRY,4.0
2025-07-02,Teaching Hospital Colombo South,OSR6216,CHOLESTEROL 4X45 ML R1,BIOCHEMISTRY,2.0
2025-07-02,Teaching Hospital Colombo South,OSR6287,HDL-CHOLESTEROL R14X51.3 R2 4X17.1 ML,BIOCHEMISTRY,2.0
2025-07-02,Teaching Hospital Colombo South,OSR6104,ALP (ALKALINE PHOSPHATASE) REAGENT,BIOCHEMISTRY,2.0
2025-07-02,Teaching Hospital Colombo South,OSR61118,TRIG (TRIGLYCERIDES) REAGENT,BIOCHEMISTRY,2.0
2025-07-02,Teaching Hospital Colombo South,OSR6122,INORGANIC PHOSPHOROUS- R1 4X15 ML- R2 4X15 ML,BIOCHEMISTRY,3.0
2025-07-02,Teaching Hospital Colombo South,MU919600,CL ELECTRODE AU480 ANALYZER,BIOCHEMISTRY,2.0
2025-07-02,Teaching Hospital Colombo South,MU919500,K ELECTRODE AU480 ANALYZER,BIOCHEMISTRY,2.0
2025-07-02,Teaching Hospital Colombo South,OSR6221,GLUCOSE- R1 4 X 53 ML- R2 4 X 27 ML,BIOCHEMISTRY,14.0
2025-07-02,Teaching Hospital Colombo South,OSR6234,UREA- R1 4 X 53 ML- R2 4 X 53 ML,BIOCHEMISTRY,12.0
2025-07-02,Teaching Hospital Colombo South,OSR61205,UIBC,BIOCHEMISTRY,2.0
2025-07-02,Teaching Hospital Colombo South,OSR6198,URIC ACID REAGENT- 4 X 30 ML & 4 X 12.5 ML,BIOCHEMISTRY,3.0
2025-07-02,Teaching Hospital Colombo South,OSR6147,CRP- R1 4 X 14 ML- R2 4 X 6 ML,BIOCHEMISTRY,35.0
2025-07-02,Teaching Hospital Colombo South,66300,SYSTEM CALIBRATOR- 20 X 5 ML,BIOCHEMISTRY,1.0
2025-07-02,Teaching Hospital Colombo South,MU919700,REFERENCE ELECTRODE AU480 ANALYZER,BIOCHEMISTRY,1.0
2025-07-02,Teaching Hospital Colombo South,MU919400,NA ELECTRODE AU480 ANALYZER,BIOCHEMISTRY,2.0
2025-07-02,Teaching Hospital Colombo South,66318,ISE REFERENCE- 4 X 1000 ML,BIOCHEMISTRY,1.0
2025-07-02,Teaching Hospital Colombo South,66319,ISE MID STANDARD- 4 X 2000 ML,BIOCHEMISTRY,8.0
2025-07-02,Teaching Hospital Colombo South,66320,ISE BUFFER- 4 X 2000 ML,BIOCHEMISTRY,6.0
2025-07-02,Teaching Hospital Colombo South,OSR6170,URINARY/CSF PROTEIN- R1 4X19 ML- CALIBRATOR 1X3 ML,BIOCHEMISTRY,10.0
2025-07-02,Teaching Hospital Colombo South,B64606,URINE CALIBRATOR,BIOCHEMISTRY,1.0
2025-07-02,Teaching Hospital Colombo South,ODC0003,CONTROL SERUM 1- 20 X 5 ML,BIOCHEMISTRY,1.0
2025-07-02,Teaching Hospital Colombo South,ODC0004,CONTROL SERUM 2- 20 X 5 ML,BIOCHEMISTRY,1.0
2025-07-02,Teaching Hospital Colombo South,ODC0015,ITA CONTROL SERUM 2- 6 X 2 ML,BIOCHEMISTRY,3.0
2025-07-02,Teaching Hospital Colombo South,OSR6126,LDH,BIOCHEMISTRY,2.0
2025-07-02,Teaching Hospital Colombo South,ODC0016,ITA CONTROL SERUM 3- 6 X 2 ML,BIOCHEMISTRY,3.0
2025-06-17,Provincial General Hospital - Rathnapura,26330089,GEM 3/3.5K BG/ISE/GL 300 TEST IQM PAK,BLOODGAS & ELECTROLYTE,12.0
2025-06-30,District General Hospital - Nawalapitiya,26330089,GEM 3/3.5K BG/ISE/GL 300 TEST IQM PAK,BLOODGAS & ELECTROLYTE,12.0
2025-06-30,District General Hospital - Nawalapitiya,5508-IL,PRINTER PAPER,LOCAL-PURCHASE,6.0
2025-07-09,Leesones Hospital - Ragama,OSR0001,WASH SOLUTION- 6 X 2 L,BIOCHEMISTRY,2.0
2025-07-08,Provincial General Hospital - Rathnapura,OSR60117,CALCIUM ARSENAZO- R1 4 X 15 ML,BIOCHEMISTRY,2.0
2025-07-08,Provincial General Hospital - Rathnapura,OSR6179,CK (NAC)- R1-1 4X22 ML- R1-2 4X4 ML- R2 4X6 ML,BIOCHEMISTRY,2.0
2025-07-08,Provincial General Hospital - Rathnapura,OSR6020,GGT- R1 4 X 18 ML- R2 4 X 18 ML,BIOCHEMISTRY,2.0
2025-07-08,Provincial General Hospital - Rathnapura,OSR6187,HDL-CHOLESTEROL- R1 4X27 ML- R2 4X9 ML,BIOCHEMISTRY,2.0
2025-07-08,Provincial General Hospital - Rathnapura,OSR6216,CHOLESTEROL 4X45 ML R1,BIOCHEMISTRY,2.0
2025-07-08,Provincial General Hospital - Rathnapura,OSR0001,WASH SOLUTION- 6 X 2 L,BIOCHEMISTRY,2.0
2025-07-08,Provincial General Hospital - Rathnapura,66319,ISE MID STANDARD- 4 X 2000 ML,BIOCHEMISTRY,5.0
2025-07-08,Provincial General Hospital - Rathnapura,66320,ISE BUFFER- 4 X 2000 ML,BIOCHEMISTRY,3.0
2025-07-08,Provincial General Hospital - Rathnapura,66300,SYSTEM CALIBRATOR- 20 X 5 ML,BIOCHEMISTRY,1.0
2025-07-08,Provincial General Hospital - Rathnapura,OSR6178,CREATININE- R1 4 X 51 ML- R2 4 X 51 ML,BIOCHEMISTRY,15.0
2025-07-08,Provincial General Hospital - Rathnapura,OSR6106,AMYLASE REAGENT- 4 X 40 ML,BIOCHEMISTRY,2.0
2025-07-08,Provincial General Hospital - Rathnapura,OSR6221,GLUCOSE- R1 4 X 53 ML- R2 4 X 27 ML,BIOCHEMISTRY,2.0
2025-07-08,Provincial General Hospital - Rathnapura,66313,ISE NA+/K+ SELECTIVITY CHECK- 2 X 25 ML,BIOCHEMISTRY,1.0
2025-07-08,Provincial General Hospital - Rathnapura,66318,ISE REFERENCE- 4 X 1000 ML,BIOCHEMISTRY,3.0
2025-07-08,Provincial General Hospital - Rathnapura,ODC0004,CONTROL SERUM 2- 20 X 5 ML,BIOCHEMISTRY,1.0
2025-07-08,Provincial General Hospital - Rathnapura,ODC0003,CONTROL SERUM 1- 20 X 5 ML,BIOCHEMISTRY,1.0
2025-07-08,Provincial General Hospital - Rathnapura,OSR6132,TP (TOTAL PROTEIN) REAGENT- 4 X 25 ML & 4 X 25 ML,BIOCHEMISTRY,2.0
2025-07-08,Provincial General Hospital - Rathnapura,OSR6128,LDH- R1 4 X 40 ML- R2 4 X 20 ML,BIOCHEMISTRY,1.0
2025-07-08,Provincial General Hospital - Rathnapura,OSR6122,INORGANIC PHOSPHOROUS- R1 4X15 ML- R2 4X15 ML,BIOCHEMISTRY,2.0
2025-07-08,Provincial General Hospital - Rathnapura,OSR6109,AST (ASPARTATE AMINOTRANSFERASE) REAGENT R1 4X25ML/R2 4X25ML,BIOCHEMISTRY,8.0
2025-07-08,Provincial General Hospital - Rathnapura,OSR6134,UREA- R1 4 X 25 ML- R2 4 X 25 ML,BIOCHEMISTRY,4.0
2025-07-08,Provincial General Hospital - Rathnapura,OSR6104,ALP (ALKALINE PHOSPHATASE) REAGENT,BIOCHEMISTRY,3.0
2025-07-08,Provincial General Hospital - Rathnapura,OSR6102,ALB (ALBUMIN) REAGENT- 4 X 29 ML,BIOCHEMISTRY,2.0
2025-07-08,Provincial General Hospital - Rathnapura,OSR6189,MAGNESIUM- R1 4 X 40 ML,BIOCHEMISTRY,4.0
2025-07-08,Provincial General Hospital - Rathnapura,OSR6147,CRP- R1 4 X 14 ML- R2 4 X 6 ML,BIOCHEMISTRY,35.0
2025-07-08,Provincial General Hospital - Rathnapura,ODC0016,ITA CONTROL SERUM 3- 6 X 2 ML,BIOCHEMISTRY,1.0
2025-07-08,Provincial General Hospital - Rathnapura,OSR6211,DIRECT BILIRUBIN- R1 4X20 ML- R2 4X20 ML,BIOCHEMISTRY,2.0
2025-07-08,Provincial General Hospital - Rathnapura,OSR6107,ALT (ALANINE AMINOTRANSFERASE) IFCC REAGENT,BIOCHEMISTRY,12.0
2025-07-08,Provincial General Hospital - Rathnapura,ODR3021,SERUM PROTEIN MULTI CALIBRATOR (LEVEL 1-6) 1X2 ML,BIOCHEMISTRY,1.0
2025-07-08,Provincial General Hospital - Rathnapura,OSR6212,TBIL (TOTAL BILIRUBIN) REA- 4 X 40 ML & 4 X 40 ML,BIOCHEMISTRY,2.0
2025-07-14,Lady Ridgeway Hospital,20002400,EMULSION WASH-R ACL 9000-1L,COAGULATION,30.0
2025-07-14,Lady Ridgeway Hospital,29400100,"CUVETTES (2400 CUVETTES-600 STRIPS,4CUVETTES/STRIP)",COAGULATION,10.0
2025-07-14,R.D.H.S - Mullaitivu,MU919500,K ELECTRODE AU480 ANALYZER,BIOCHEMISTRY,1.0
2025-07-14,R.D.H.S - Mullaitivu,MU919700,REFERENCE ELECTRODE AU480 ANALYZER,BIOCHEMISTRY,1.0
2025-07-14,R.D.H.S - Mullaitivu,MU919400,NA ELECTRODE AU480 ANALYZER,BIOCHEMISTRY,1.0
2025-07-11,Base Hospital - Dambulla,26315089,GEM 3/3.5K BG/ISE/GL150 TEST IQM PAK,BLOODGAS & ELECTROLYTE,1.0
2025-07-18,Base Hospital - Dambulla,26315089,GEM 3/3.5K BG/ISE/GL150 TEST IQM PAK,BLOODGAS & ELECTROLYTE,2.0
2025-07-16,Teaching Hospital - Karapitiya,26330089,GEM 3/3.5K BG/ISE/GL 300 TEST IQM PAK,BLOODGAS & ELECTROLYTE,20.0
2025-07-17,New District General Hospital - Kaburugamuwa,8217000,HEPARIN CAPILLARIES (REF 105107) 2X100MM-100 PCS,BLOODGAS & ELECTROLYTE,2.0
2025-07-17,New District General Hospital - Kaburugamuwa,26330089,GEM 3/3.5K BG/ISE/GL 300 TEST IQM PAK,BLOODGAS & ELECTROLYTE,6.0
2025-07-17,New District General Hospital - Kaburugamuwa,5508-IL,PRINTER PAPER,LOCAL-PURCHASE,6.0
2025-07-16,Medical Research Institute ( MRI ),00020301100,FIBRINOGEN-CLAUSS KIT HEMOSIL 10X2ML,COAGULATION,2.0
2025-07-16,Medical Research Institute ( MRI ),00020003110,NORMAL CONTROL ASSAYED 10X1ML,COAGULATION,2.0
2025-07-16,Medical Research Institute ( MRI ),20003210,CONTROL ASSAYED LOW ABNORMAL HEMOSIL,COAGULATION,1.0
2025-07-16,Medical Research Institute ( MRI ),20008610,CONTROL D-DIMER 2 LEVELS,COAGULATION,1.0
2025-07-16,Medical Research Institute ( MRI ),20008500,D-DIMER KIT 100-115 TEST,COAGULATION,1.0
2025-07-18,Dr. Neville Fernando Teaching Hospital (NFTH),OSR6189,MAGNESIUM- R1 4 X 40 ML,BIOCHEMISTRY,1.0
2025-07-18,Dr. Neville Fernando Teaching Hospital (NFTH),OSR6020,GGT- R1 4 X 18 ML- R2 4 X 18 ML,BIOCHEMISTRY,1.0
2025-07-18,Dr. Neville Fernando Teaching Hospital (NFTH),OSR6216,CHOLESTEROL 4X45 ML R1,BIOCHEMISTRY,1.0
2025-07-18,Dr. Neville Fernando Teaching Hospital (NFTH),OSR6234,UREA- R1 4 X 53 ML- R2 4 X 53 ML,BIOCHEMISTRY,1.0
2025-07-18,Dr. Neville Fernando Teaching Hospital (NFTH),OSR6221,GLUCOSE- R1 4 X 53 ML- R2 4 X 27 ML,BIOCHEMISTRY,1.0
2025-07-18,Dr. Neville Fernando Teaching Hospital (NFTH),OSR6178,CREATININE- R1 4 X 51 ML- R2 4 X 51 ML,BIOCHEMISTRY,1.0
2025-07-24,Teaching Hospital - Anuradhapura,5508-IL,PRINTER PAPER,LOCAL-PURCHASE,2.0
2025-07-24,Teaching Hospital - Anuradhapura,26315089,GEM 3/3.5K BG/ISE/GL150 TEST IQM PAK,BLOODGAS & ELECTROLYTE,10.0
2025-07-21,Base Hospital - Mahiyanganaya,26315089,GEM 3/3.5K BG/ISE/GL150 TEST IQM PAK,BLOODGAS & ELECTROLYTE,6.0
2025-07-24,Lanka Hospitals Diagnostics (Pvt) Ltd,81911,CONTRAD 70- 1.0 L,IMMUNOLOGY,1.0
2025-07-24,Lanka Hospitals Diagnostics (Pvt) Ltd,A63493,FP FLOW CHECK PRO IVD 3X10 ML KIT,FLOWCYTOMETRY,2.0
2025-07-24,Lanka Hospitals Diagnostics (Pvt) Ltd,8546859,ISOFLOW SHEATH FLUID( 1X 10 L ),FLOWCYTOMETRY,1.0
2025-07-24,Lanka Hospitals Diagnostics (Pvt) Ltd,C15623,"ANTI-KAPPA-FITC (GOAT POLYCLONAL), 2ML ASR",FLOWCYTOMETRY,1.0
2025-07-24,Lanka Hospitals Diagnostics (Pvt) Ltd,C15189,"ANTI-LAMBDA-PE (GOAT POLYCLONAL), 2ML ASR",FLOWCYTOMETRY,1.0
2025-07-24,Lanka Hospitals Diagnostics (Pvt) Ltd,B92472,"CD200-PC7, 50T IVD CE",FLOWCYTOMETRY,1.0
2025-07-24,Lanka Hospitals Diagnostics (Pvt) Ltd,A93689,"CD23-PACIFIC BLUE, 0.5ML ASR",FLOWCYTOMETRY,1.0
2025-07-24,Lanka Hospitals Diagnostics (Pvt) Ltd,B21445,"CD79B-PC5.5, 0.5ML ASR",FLOWCYTOMETRY,1.0
2025-07-24,Lanka Hospitals Diagnostics (Pvt) Ltd,A32535,"CD123-PE, 2ML ASR",FLOWCYTOMETRY,1.0
2025-07-24,Lanka Hospitals Diagnostics (Pvt) Ltd,A07791,FMC7-FITC 100T CE,FLOWCYTOMETRY,1.0
2025-07-24,Lanka Hospitals Diagnostics (Pvt) Ltd,B06204,"CD103-APC, 0.5ML ASR",FLOWCYTOMETRY,1.0
2025-07-24,Lanka Hospitals Diagnostics (Pvt) Ltd,B92400,"CD10-APC, 100T IVD CE",FLOWCYTOMETRY,1.0
2025-07-24,Lanka Hospitals Diagnostics (Pvt) Ltd,B36298,"CD15-FITC, 100 TESTS, IVD CE",FLOWCYTOMETRY,1.0
2025-07-24,Lanka Hospitals Diagnostics (Pvt) Ltd,B96754,"CD117-PC5.5, 50 TESTS IVD CE",FLOWCYTOMETRY,1.0
2025-07-24,Lanka Hospitals Diagnostics (Pvt) Ltd,B49191,"CD5-PC5.5, 50 TESTS, CE-IVD",FLOWCYTOMETRY,1.0
2025-07-24,Lanka Hospitals Diagnostics (Pvt) Ltd,A21691,CD34-PC7 100T IVD CE,FLOWCYTOMETRY,1.0
2025-07-24,Lanka Hospitals Diagnostics (Pvt) Ltd,A21692,CD56-PC7 100T CE,FLOWCYTOMETRY,1.0
2025-07-24,Lanka Hospitals Diagnostics (Pvt) Ltd,B06498,"CD22-PACIFIC BLUE, 0.5ML ASR",FLOWCYTOMETRY,1.0
2025-07-24,Lanka Hospitals Diagnostics (Pvt) Ltd,IM2471,"CD33-APC, 100T IVD CE",FLOWCYTOMETRY,1.0
2025-07-24,Lanka Hospitals Diagnostics (Pvt) Ltd,B49210,"CD2-APC, 100 TESTS, IVD CE",FLOWCYTOMETRY,1.0
2025-07-24,Lanka Hospitals Diagnostics (Pvt) Ltd,B36294,"CD45-KROME ORANGE, 100 TESTS, IVD CE",FLOWCYTOMETRY,4.0
2025-07-24,Lanka Hospitals Diagnostics (Pvt) Ltd,B36291,"ANTI-HLA-DR-PACIFIC BLUE, 50 TESTS, IVD CE",FLOWCYTOMETRY,1.0
2025-07-24,Lanka Hospitals Diagnostics (Pvt) Ltd,8546859,ISOFLOW SHEATH FLUID( 1X 10 L ),FLOWCYTOMETRY,10.0
2025-07-24,Lanka Hospitals Diagnostics (Pvt) Ltd,A11895,OPTI LYSE C200TESTS CE,FLOWCYTOMETRY,2.0
2025-07-24,Lanka Hospitals Diagnostics (Pvt) Ltd,A07803,INTRAPREP PERMEABILIZATION REAGENT 150T CE,FLOWCYTOMETRY,2.0
2025-07-24,Lanka Hospitals Diagnostics (Pvt) Ltd,2523749,FLOWCYTOMETRY TUBES (250 PER PCKTS ),FLOWCYTOMETRY,4.0
2025-07-24,Lanka Hospitals Diagnostics (Pvt) Ltd,B22804,VERSACOMP ANTIBODY CAPTURE BEAD KIT,FLOWCYTOMETRY,1.0
2025-07-24,Lanka Hospitals Diagnostics (Pvt) Ltd,IM3524,PMAB TDT (POOL)FITC50T,FLOWCYTOMETRY,1.0
2025-07-24,Lanka Hospitals Diagnostics (Pvt) Ltd,B25330,"CD1A-FITC, 1ML, ASR",FLOWCYTOMETRY,1.0
2025-07-24,Lanka Hospitals Diagnostics (Pvt) Ltd,B10824,"CD4-APC-ALEXA FLUOR 700, 0.5ML ASR",FLOWCYTOMETRY,1.0
2025-07-24,Lanka Hospitals Diagnostics (Pvt) Ltd,A07762,CD13-RPE100T CE,FLOWCYTOMETRY,1.0
2025-07-24,Lanka Hospitals Diagnostics (Pvt) Ltd,B49200,"CD38-APC-ALEXA FLOUR 750, 50 TESTS, IVD CE",FLOWCYTOMETRY,1.0
2025-07-24,Lanka Hospitals Diagnostics (Pvt) Ltd,A54822,CD1 LB-PC7-1ML ASR,FLOWCYTOMETRY,1.0
2025-07-24,Lanka Hospitals Diagnostics (Pvt) Ltd,B16892,"CD7-APC-ALEXA FLUOR 750, 0.5ML ASR",FLOWCYTOMETRY,1.0
2025-07-24,Lanka Hospitals Diagnostics (Pvt) Ltd,B96769,"CD64-APC-ALEXA FLUOR 750, 50 TESTS IVD CE",FLOWCYTOMETRY,1.0
2025-07-24,Lanka Hospitals Diagnostics (Pvt) Ltd,A07748,CD3 ECD,FLOWCYTOMETRY,2.0
2025-07-24,Lanka Hospitals Diagnostics (Pvt) Ltd,A07770,CD19-ECD 100T IVD CE,FLOWCYTOMETRY,2.0
2025-07-24,Lanka Hospitals Diagnostics (Pvt) Ltd,C48093,"FLOW CLEAN IVD, 500ML - EU",FLOWCYTOMETRY,1.0
2025-07-24,Lanka Hospitals Diagnostics (Pvt) Ltd,B92391,"CD14-ECD, 100T CE",FLOWCYTOMETRY,1.0
2025-07-24,Lanka Hospitals Diagnostics (Pvt) Ltd,A63493,FP FLOW CHECK PRO IVD 3X10 ML KIT,FLOWCYTOMETRY,2.0
2025-07-24,Lanka Hospitals Diagnostics (Pvt) Ltd,B49182,"CD8-PACIFIC BLUE, 50 TESTS, IVD CE",FLOWCYTOMETRY,1.0
2025-07-24,Lanka Hospitals Diagnostics (Pvt) Ltd,B23132,"ANTI-MYELOPEROXYDASE-PC5.5, 0.5ML ASR",FLOWCYTOMETRY,1.0
2025-07-28,Teaching Hospital - Kurunagala,26315089,GEM 3/3.5K BG/ISE/GL150 TEST IQM PAK,BLOODGAS & ELECTROLYTE,5.0
2025-07-28,Teaching Hospital - Kurunagala,5508-IL,PRINTER PAPER,LOCAL-PURCHASE,2.0
2025-07-28,Teaching Hospital - Anuradhapura,B92391,"CD14-ECD, 100T CE",FLOWCYTOMETRY,1.0
2025-07-28,Teaching Hospital - Anuradhapura,B92472,"CD200-PC7, 50T IVD CE",FLOWCYTOMETRY,1.0
2025-07-28,Teaching Hospital - Anuradhapura,B49210,"CD2-APC, 100 TESTS, IVD CE",FLOWCYTOMETRY,2.0
2025-07-28,Teaching Hospital - Anuradhapura,B49182,"CD8-PACIFIC BLUE, 50 TESTS, IVD CE",FLOWCYTOMETRY,2.0
2025-07-28,Teaching Hospital - Anuradhapura,B16892,"CD7-APC-ALEXA FLUOR 750, 0.5ML ASR",FLOWCYTOMETRY,2.0
2025-07-28,Teaching Hospital - Anuradhapura,B10824,"CD4-APC-ALEXA FLUOR 700, 0.5ML ASR",FLOWCYTOMETRY,2.0
2025-07-28,Teaching Hospital - Anuradhapura,B49200,"CD38-APC-ALEXA FLOUR 750, 50 TESTS, IVD CE",FLOWCYTOMETRY,1.0
2025-07-28,Teaching Hospital - Anuradhapura,B49191,"CD5-PC5.5, 50 TESTS, CE-IVD",FLOWCYTOMETRY,1.0
2025-07-28,Teaching Hospital - Anuradhapura,A11895,OPTI LYSE C200TESTS CE,FLOWCYTOMETRY,2.0
2025-07-28,Teaching Hospital - Anuradhapura,A63493,FP FLOW CHECK PRO IVD 3X10 ML KIT,FLOWCYTOMETRY,1.0
2025-07-30,District General Hospital - Hambanthota,5508-IL,PRINTER PAPER,LOCAL-PURCHASE,2.0
2025-07-30,District General Hospital - Hambanthota,26315089,GEM 3/3.5K BG/ISE/GL150 TEST IQM PAK,BLOODGAS & ELECTROLYTE,6.0
2025-07-28,Teaching Hospital - Colombo North,5508-IL,PRINTER PAPER,LOCAL-PURCHASE,2.0
2025-07-28,Teaching Hospital - Colombo North,26315089,GEM 3/3.5K BG/ISE/GL150 TEST IQM PAK,BLOODGAS & ELECTROLYTE,6.0
2025-07-28,De Soysa Hospital for Women,OSR6147,CRP- R1 4 X 14 ML- R2 4 X 6 ML,BIOCHEMISTRY,3.0
2025-07-28,De Soysa Hospital for Women,OSR0001,WASH SOLUTION- 6 X 2 L,BIOCHEMISTRY,6.0
2025-07-28,De Soysa Hospital for Women,OSR6132,TP (TOTAL PROTEIN) REAGENT- 4 X 25 ML & 4 X 25 ML,BIOCHEMISTRY,1.0
2025-07-28,De Soysa Hospital for Women,MU919400,NA ELECTRODE AU480 ANALYZER,BIOCHEMISTRY,1.0
2025-07-28,De Soysa Hospital for Women,MU919500,K ELECTRODE AU480 ANALYZER,BIOCHEMISTRY,1.0
2025-07-28,De Soysa Hospital for Women,MU919600,CL ELECTRODE AU480 ANALYZER,BIOCHEMISTRY,1.0
2025-07-28,De Soysa Hospital for Women,66317,ISE LOW SERUM STANDARD- 4 X 100 ML,BIOCHEMISTRY,1.0
2025-07-28,De Soysa Hospital for Women,OSR6211,DIRECT BILIRUBIN- R1 4X20 ML- R2 4X20 ML,BIOCHEMISTRY,3.0
2025-07-29,Teaching Hospital - Peradeniya,B63284,ACCESS TSH (3RD IS) 2x100 DET,IMMUNOLOGY,20.0
2025-07-29,Teaching Hospital - Peradeniya,33510,HLH- ACCESS®- 2 X 50 TESTS,IMMUNOLOGY,1.0
2025-07-29,Teaching Hospital - Peradeniya,A13422,FREE T3- ACCESS®- 2 X 50 TESTS,IMMUNOLOGY,2.0
2025-07-29,Teaching Hospital - Peradeniya,A16792,WASH BUFFER II- ACCESS®- 4 BOTTLES- 1.9 L/BOTTLE,IMMUNOLOGY,20.0
2025-07-29,Teaching Hospital - Peradeniya,81906,SUBSTRATE- ACCESS®- 4 BOTTLES- 130 ML/BOTTLE,IMMUNOLOGY,4.0
2025-07-29,Teaching Hospital - Peradeniya,A85264,TOTAL BETA-HCG- ACCESS®- 2 X 50 TESTS(33500),IMMUNOLOGY,8.0
2025-07-29,Teaching Hospital - Peradeniya,33020,FERRITIN- ACCESS®- 2 X 50 TESTS,IMMUNOLOGY,5.0
2025-07-29,Teaching Hospital - Peradeniya,33520,HFSH- ACCESS®- 2 X 50 TESTS,IMMUNOLOGY,1.0
2025-07-29,R.D.H.S - Mullaitivu,OSR6178,CREATININE- R1 4 X 51 ML- R2 4 X 51 ML,BIOCHEMISTRY,1.0
2025-07-29,R.D.H.S - Mullaitivu,OSR6147,CRP- R1 4 X 14 ML- R2 4 X 6 ML,BIOCHEMISTRY,1.0
2025-07-29,R.D.H.S - Mullaitivu,OSR60118,TRIG (TRIGLYCERIDES) REAGENT- 4 X 20 ML & 4 X 5 ML,BIOCHEMISTRY,1.0
2025-07-29,R.D.H.S - Mullaitivu,ODC0005,HDL/LDL CHOLESTEROL CONTROL SERUM,BIOCHEMISTRY,1.0
2025-07-29,R.D.H.S - Mullaitivu,ODC0011,HDL-CHOLESTEROL CALIBRATOR- 2 X 3 ML,BIOCHEMISTRY,1.0
2025-07-29,R.D.H.S - Mullaitivu,ODR3021,SERUM PROTEIN MULTI CALIBRATOR (LEVEL 1-6) 1X2 ML,BIOCHEMISTRY,1.0
2025-07-29,R.D.H.S - Mullaitivu,OSR6109,AST (ASPARTATE AMINOTRANSFERASE) REAGENT R1 4X25ML/R2 4X25ML,BIOCHEMISTRY,1.0
2025-07-29,R.D.H.S - Mullaitivu,OSR6116,CHOLESTEROL 4 X 22.5 ML R1,BIOCHEMISTRY,1.0
2025-07-29,R.D.H.S - Mullaitivu,OSR6187,HDL-CHOLESTEROL- R1 4X27 ML- R2 4X9 ML,BIOCHEMISTRY,2.0
2025-07-29,R.D.H.S - Mullaitivu,OSR6134,UREA- R1 4 X 25 ML- R2 4 X 25 ML,BIOCHEMISTRY,1.0
2025-07-29,R.D.H.S - Mullaitivu,OSR6107,ALT (ALANINE AMINOTRANSFERASE) IFCC REAGENT,BIOCHEMISTRY,2.0
2025-07-29,R.D.H.S - Mullaitivu,OSR6147,CRP- R1 4 X 14 ML- R2 4 X 6 ML,BIOCHEMISTRY,3.0
2025-07-29,R.D.H.S - Mullaitivu,OSR6121,GLUCOSE R1 4X25ML R2 4X12.5ML,BIOCHEMISTRY,2.0
2025-07-29,R.D.H.S - Mullaitivu,OSR6178,CREATININE- R1 4 X 51 ML- R2 4 X 51 ML,BIOCHEMISTRY,2.0
2025-07-29,R.D.H.S - Mullaitivu,OSR60118,TRIG (TRIGLYCERIDES) REAGENT- 4 X 20 ML & 4 X 5 ML,BIOCHEMISTRY,2.0
2025-08-04,National Hospital of Sri Lanka,26315089,GEM 3/3.5K BG/ISE/GL150 TEST IQM PAK,BLOODGAS & ELECTROLYTE,8.0
2025-07-30,Dr. Neville Fernando Teaching Hospital (NFTH),OSR6211,DIRECT BILIRUBIN- R1 4X20 ML- R2 4X20 ML,BIOCHEMISTRY,1.0
2025-07-31,Teaching Hospital - Peradeniya,OSR6147,CRP- R1 4 X 14 ML- R2 4 X 6 ML,BIOCHEMISTRY,8.0
2025-07-31,Teaching Hospital - Peradeniya,OSR6211,DIRECT BILIRUBIN- R1 4X20 ML- R2 4X20 ML,BIOCHEMISTRY,1.0
2025-07-31,Teaching Hospital - Peradeniya,66319,ISE MID STANDARD- 4 X 2000 ML,BIOCHEMISTRY,1.0
2025-07-31,Teaching Hospital - Peradeniya,OSR6128,LDH- R1 4 X 40 ML- R2 4 X 20 ML,BIOCHEMISTRY,1.0
2025-07-31,Teaching Hospital - Peradeniya,OSR6104,ALP (ALKALINE PHOSPHATASE) REAGENT,BIOCHEMISTRY,1.0
2025-07-31,Teaching Hospital - Peradeniya,OSR61105,RF LATEX- R1 4 X 24 ML- R2 4 X 8 ML,BIOCHEMISTRY,1.0
2025-07-31,Teaching Hospital - Peradeniya,OSR6160,C4 (COMPEMENT 4),BIOCHEMISTRY,1.0
2025-07-31,Teaching Hospital - Peradeniya,OSR6020,GGT- R1 4 X 18 ML- R2 4 X 18 ML,BIOCHEMISTRY,1.0
2025-07-31,Teaching Hospital - Peradeniya,OSR6287,HDL-CHOLESTEROL R14X51.3 R2 4X17.1 ML,BIOCHEMISTRY,2.0
2025-07-31,Teaching Hospital - Peradeniya,OSR61204,CREATININE (ENZYMATIC) R1 4X45ML R2 4X15ML,BIOCHEMISTRY,6.0
2025-07-31,Teaching Hospital - Peradeniya,OSR6116,CHOLESTEROL 4 X 22.5 ML R1,BIOCHEMISTRY,2.0
2025-07-31,Teaching Hospital - Peradeniya,ODC0015,ITA CONTROL SERUM 2- 6 X 2 ML,BIOCHEMISTRY,1.0
2025-07-31,Teaching Hospital - Peradeniya,OSR0001,WASH SOLUTION- 6 X 2 L,BIOCHEMISTRY,1.0
2025-07-31,Teaching Hospital - Peradeniya,OSR60118,TRIG (TRIGLYCERIDES) REAGENT- 4 X 20 ML & 4 X 5 ML,BIOCHEMISTRY,2.0
2025-07-31,Teaching Hospital - Peradeniya,OSR6122,INORGANIC PHOSPHOROUS- R1 4X15 ML- R2 4X15 ML,BIOCHEMISTRY,1.0
2025-07-31,Teaching Hospital - Peradeniya,OSR6221,GLUCOSE- R1 4 X 53 ML- R2 4 X 27 ML,BIOCHEMISTRY,2.0
2025-07-31,Teaching Hospital - Peradeniya,ODC0016,ITA CONTROL SERUM 3- 6 X 2 ML,BIOCHEMISTRY,1.0
2025-07-31,Teaching Hospital - Peradeniya,66320,ISE BUFFER- 4 X 2000 ML,BIOCHEMISTRY,1.0
2025-08-08,National Hospital of Sri Lanka,26330089,GEM 3/3.5K BG/ISE/GL 300 TEST IQM PAK,BLOODGAS & ELECTROLYTE,10.0
2025-08-05,General Hospital - Kalutara,26330089,GEM 3/3.5K BG/ISE/GL 300 TEST IQM PAK,BLOODGAS & ELECTROLYTE,6.0
2025-08-06,National Blood Transfusion Service,6605359,FLOWCHECK FLUOROSPHERES 3X10ML,FLOWCYTOMETRY,2.0
2025-08-06,National Blood Transfusion Service,81911,CONTRAD 70- 1.0 L,IMMUNOLOGY,1.0
2025-08-06,National Blood Transfusion Service,8546859,ISOFLOW SHEATH FLUID( 1X 10 L ),FLOWCYTOMETRY,1.0
2025-08-06,District General Hospital - Matale,26315089,GEM 3/3.5K BG/ISE/GL150 TEST IQM PAK,BLOODGAS & ELECTROLYTE,6.0
2025-06-23,Teaching Hospital - Anuradhapura,OSR6232,TP (TOTAL PROTEIN) REAGENT- 4 X 48 ML & 4 X 48 ML,BIOCHEMISTRY,1.0
2025-06-23,Teaching Hospital - Anuradhapura,OSR6182,AMYLASE,BIOCHEMISTRY,3.0
2025-06-23,Teaching Hospital - Anuradhapura,OSR6212,TBIL (TOTAL BILIRUBIN) REA- 4 X 40 ML & 4 X 40 ML,BIOCHEMISTRY,1.0
2025-06-23,Teaching Hospital - Anuradhapura,OSR6104,ALP (ALKALINE PHOSPHATASE) REAGENT,BIOCHEMISTRY,2.0
2025-06-23,Teaching Hospital - Anuradhapura,OSR6189,MAGNESIUM- R1 4 X 40 ML,BIOCHEMISTRY,10.0
2025-06-23,Teaching Hospital - Anuradhapura,OSR6020,GGT- R1 4 X 18 ML- R2 4 X 18 ML,BIOCHEMISTRY,18.0
2025-06-23,Teaching Hospital - Anuradhapura,OSR6102,ALB (ALBUMIN) REAGENT- 4 X 29 ML,BIOCHEMISTRY,15.0
2025-06-23,Teaching Hospital - Anuradhapura,OSR6107,ALT (ALANINE AMINOTRANSFERASE) IFCC REAGENT,BIOCHEMISTRY,3.0
2025-06-23,Teaching Hospital - Anuradhapura,OSR6109,AST (ASPARTATE AMINOTRANSFERASE) REAGENT R1 4X25ML/R2 4X25ML,BIOCHEMISTRY,3.0
2025-06-23,Teaching Hospital - Anuradhapura,OSR6222,INORGANIC PHOSPHOROUS- R1 4X40 ML- R2 4X40 ML,BIOCHEMISTRY,2.0
2025-06-23,Teaching Hospital - Anuradhapura,OSR60117,CALCIUM ARSENAZO- R1 4 X 15 ML,BIOCHEMISTRY,2.0
2025-06-23,Teaching Hospital - Anuradhapura,OSR6187,HDL-CHOLESTEROL- R1 4X27 ML- R2 4X9 ML,BIOCHEMISTRY,20.0
2025-06-23,Teaching Hospital - Anuradhapura,OSR6234,UREA- R1 4 X 53 ML- R2 4 X 53 ML,BIOCHEMISTRY,2.0
2025-06-23,Teaching Hospital - Anuradhapura,OSR6178,CREATININE- R1 4 X 51 ML- R2 4 X 51 ML,BIOCHEMISTRY,40.0
2025-06-23,Teaching Hospital - Anuradhapura,MU919400,NA ELECTRODE AU480 ANALYZER,BIOCHEMISTRY,1.0
2025-06-23,Teaching Hospital - Anuradhapura,MU919500,K ELECTRODE AU480 ANALYZER,BIOCHEMISTRY,1.0
2025-06-23,Teaching Hospital - Anuradhapura,MU919700,REFERENCE ELECTRODE AU480 ANALYZER,BIOCHEMISTRY,1.0
2025-06-23,Teaching Hospital - Anuradhapura,00006799200,SAMPLE CUPS 0.5ML (1000/PK),COAGULATION,1.0
2025-06-23,Teaching Hospital - Anuradhapura,MU919600,CL ELECTRODE AU480 ANALYZER,BIOCHEMISTRY,1.0
2025-06-23,Teaching Hospital - Anuradhapura,66318,ISE REFERENCE- 4 X 1000 ML,BIOCHEMISTRY,13.0
2025-06-23,Teaching Hospital - Anuradhapura,66320,ISE BUFFER- 4 X 2000 ML,BIOCHEMISTRY,23.0
2025-06-23,Teaching Hospital - Anuradhapura,OSR6147,CRP- R1 4 X 14 ML- R2 4 X 6 ML,BIOCHEMISTRY,90.0
2025-06-23,Teaching Hospital - Anuradhapura,OSR0001,WASH SOLUTION- 6 X 2 L,BIOCHEMISTRY,17.0
2025-06-23,Teaching Hospital - Anuradhapura,B38858,URINE CSF ALBUMIN,BIOCHEMISTRY,4.0
2025-06-23,Teaching Hospital - Anuradhapura,OSR61205,UIBC,BIOCHEMISTRY,1.0
2025-06-23,Teaching Hospital - Anuradhapura,OSR6128,LDH- R1 4 X 40 ML- R2 4 X 20 ML,BIOCHEMISTRY,4.0
2025-06-23,Teaching Hospital - Anuradhapura,OSR6179,CK (NAC)- R1-1 4X22 ML- R1-2 4X4 ML- R2 4X6 ML,BIOCHEMISTRY,2.0
2025-06-23,Teaching Hospital - Anuradhapura,66319,ISE MID STANDARD- 4 X 2000 ML,BIOCHEMISTRY,20.0
2025-06-23,Teaching Hospital - Anuradhapura,OSR6170,URINARY/CSF PROTEIN- R1 4X19 ML- CALIBRATOR 1X3 ML,BIOCHEMISTRY,2.0
2025-08-06,R.D.H.S - Monaragala,26307589,GEM 3/3.5K BG/ISE/GL075 TEST IQM PAK,BLOODGAS & ELECTROLYTE,1.0
2025-08-06,R.D.H.S - Monaragala,26315089,GEM 3/3.5K BG/ISE/GL150 TEST IQM PAK,BLOODGAS & ELECTROLYTE,1.0
2025-08-06,De Soysa Hospital for Women,8217000,HEPARIN CAPILLARIES (REF 105107) 2X100MM-100 PCS,BLOODGAS & ELECTROLYTE,6.0
2025-08-07,Castle Street Hospital for Women,8217000,HEPARIN CAPILLARIES (REF 105107) 2X100MM-100 PCS,BLOODGAS & ELECTROLYTE,6.0
2025-08-07,District General Hospital - Monaragala,OSR6234,UREA- R1 4 X 53 ML- R2 4 X 53 ML,BIOCHEMISTRY,1.0
2025-08-07,District General Hospital - Monaragala,OSR6198,URIC ACID REAGENT- 4 X 30 ML & 4 X 12.5 ML,BIOCHEMISTRY,1.0
2025-08-07,District General Hospital - Monaragala,OSR61118,TRIG (TRIGLYCERIDES) REAGENT R1 4X50 ML R2 4X12.5ML,BIOCHEMISTRY,1.0
2025-08-12,Medical Research Institute ( MRI ),B36294,"CD45-KROME ORANGE, 100 TESTS, IVD CE",FLOWCYTOMETRY,1.0
2025-08-12,Medical Research Institute ( MRI ),C48093,"FLOW CLEAN IVD, 500ML - EU",FLOWCYTOMETRY,1.0
2025-08-12,Medical Research Institute ( MRI ),A11895,OPTI LYSE C200TESTS CE,FLOWCYTOMETRY,3.0
2025-08-12,Medical Research Institute ( MRI ),2523749,FLOWCYTOMETRY TUBES (250 PER PCKTS ),FLOWCYTOMETRY,4.0
2025-08-12,Medical Research Institute ( MRI ),B49210,"CD2-APC, 100 TESTS, IVD CE",FLOWCYTOMETRY,1.0
2025-08-12,Medical Research Institute ( MRI ),B96769,"CD64-APC-ALEXA FLUOR 750, 50 TESTS IVD CE",FLOWCYTOMETRY,1.0
2025-08-12,Teaching Hospital - Karapitiya,5508-IL,PRINTER PAPER,LOCAL-PURCHASE,10.0
2025-08-12,Teaching Hospital - Karapitiya,26330089,GEM 3/3.5K BG/ISE/GL 300 TEST IQM PAK,BLOODGAS & ELECTROLYTE,5.0
2025-08-15,National Hospital of Sri Lanka,OSR6107,ALT (ALANINE AMINOTRANSFERASE) IFCC REAGENT,BIOCHEMISTRY,6.0
2025-08-15,National Hospital of Sri Lanka,OSR6179,CK (NAC)- R1-1 4X22 ML- R1-2 4X4 ML- R2 4X6 ML,BIOCHEMISTRY,1.0
2025-08-15,National Hospital of Sri Lanka,OSR6020,GGT- R1 4 X 18 ML- R2 4 X 18 ML,BIOCHEMISTRY,1.0
2025-08-20,Base Hospital - Avissawella,26315089,GEM 3/3.5K BG/ISE/GL150 TEST IQM PAK,BLOODGAS & ELECTROLYTE,6.0
2025-08-20,De Soysa Hospital for Women,5508-IL,PRINTER PAPER,LOCAL-PURCHASE,3.0
2025-08-20,De Soysa Hospital for Women,26330089,GEM 3/3.5K BG/ISE/GL 300 TEST IQM PAK,BLOODGAS & ELECTROLYTE,4.0
2025-08-15,General Hospital - Kalutara,26307589,GEM 3/3.5K BG/ISE/GL075 TEST IQM PAK,BLOODGAS & ELECTROLYTE,2.0
2025-08-18,District General Hospital - Mannar,5508-IL,PRINTER PAPER,LOCAL-PURCHASE,4.0
2025-08-18,District General Hospital - Mannar,26315089,GEM 3/3.5K BG/ISE/GL150 TEST IQM PAK,BLOODGAS & ELECTROLYTE,8.0
2025-08-18,Teaching Hospital - Anuradhapura,20002400,EMULSION WASH-R ACL 9000-1L,COAGULATION,30.0
2025-08-18,Teaching Hospital - Anuradhapura,B49191,"CD5-PC5.5, 50 TESTS, CE-IVD",FLOWCYTOMETRY,2.0
2025-08-18,Teaching Hospital - Anuradhapura,A11895,OPTI LYSE C200TESTS CE,FLOWCYTOMETRY,2.0
2025-08-21,Medical Supplies Division,A85726,"THYROGLOBULINE, 96 TESTS",IMMUNOLOGY,12.0
2025-08-21,Medical Supplies Division,IM3223,"ANTI-HTG IRMA KIT, 100 TESTS",IMMUNOLOGY,12.0
2025-08-21,Medical Supplies Division,IM2204,"CEA IRMA KIT, 100T",IMMUNOLOGY,12.0
2025-08-21,Medical Supplies Division,IM1441,"AFP IRMA KIT, 100T",IMMUNOLOGY,12.0
2025-08-28,Teaching Hospital - Anuradhapura,20006800,APTT RGT SYNTHASIL HEMOSIL,COAGULATION,3.0
2025-08-28,Teaching Hospital - Anuradhapura,20002400,EMULSION WASH-R ACL 9000-1L,COAGULATION,3.0
2025-08-27,District General Hospital - Monaragala,26330089,GEM 3/3.5K BG/ISE/GL 300 TEST IQM PAK,BLOODGAS & ELECTROLYTE,10.0
2025-08-27,District General Hospital - Monaragala,26315089,GEM 3/3.5K BG/ISE/GL150 TEST IQM PAK,BLOODGAS & ELECTROLYTE,10.0
2025-08-26,Base Hospital - Tellippalai,5508-IL,PRINTER PAPER,LOCAL-PURCHASE,3.0
2025-08-26,Base Hospital - Tellippalai,26307589,GEM 3/3.5K BG/ISE/GL075 TEST IQM PAK,BLOODGAS & ELECTROLYTE,4.0
2025-08-26,District General Hospital - Vavuniya,26315089,GEM 3/3.5K BG/ISE/GL150 TEST IQM PAK,BLOODGAS & ELECTROLYTE,9.0
2025-08-26,District General Hospital - Vavuniya,5508-IL,PRINTER PAPER,LOCAL-PURCHASE,5.0
2025-08-26,R.D.H.S - Jaffna,OSR6107,ALT (ALANINE AMINOTRANSFERASE) IFCC REAGENT,BIOCHEMISTRY,4.0
2025-08-26,R.D.H.S - Jaffna,OSR6102,ALB (ALBUMIN) REAGENT- 4 X 29 ML,BIOCHEMISTRY,2.0
2025-08-26,R.D.H.S - Jaffna,OSR6109,AST (ASPARTATE AMINOTRANSFERASE) REAGENT R1 4X25ML/R2 4X25ML,BIOCHEMISTRY,4.0
2025-08-26,R.D.H.S - Jaffna,OSR6116,CHOLESTEROL 4 X 22.5 ML R1,BIOCHEMISTRY,2.0
2025-08-26,R.D.H.S - Jaffna,OSR6147,CRP- R1 4 X 14 ML- R2 4 X 6 ML,BIOCHEMISTRY,6.0
2025-08-26,R.D.H.S - Jaffna,OSR6121,GLUCOSE R1 4X25ML R2 4X12.5ML,BIOCHEMISTRY,4.0
2025-08-26,R.D.H.S - Jaffna,OSR6134,UREA- R1 4 X 25 ML- R2 4 X 25 ML,BIOCHEMISTRY,1.0
2025-08-26,R.D.H.S - Jaffna,OSR6132,TP (TOTAL PROTEIN) REAGENT- 4 X 25 ML & 4 X 25 ML,BIOCHEMISTRY,1.0
2025-08-26,R.D.H.S - Jaffna,OSR6187,HDL-CHOLESTEROL- R1 4X27 ML- R2 4X9 ML,BIOCHEMISTRY,2.0
2025-08-26,R.D.H.S - Jaffna,OSR6112,TBIL (TOTAL BILIRUBIN) REAGENT,BIOCHEMISTRY,1.0
2025-08-26,R.D.H.S - Jaffna,66313,ISE NA+/K+ SELECTIVITY CHECK- 2 X 25 ML,BIOCHEMISTRY,1.0
2025-08-26,R.D.H.S - Jaffna,ODC0016,ITA CONTROL SERUM 3- 6 X 2 ML,BIOCHEMISTRY,1.0
2025-08-26,R.D.H.S - Jaffna,ODC0015,ITA CONTROL SERUM 2- 6 X 2 ML,BIOCHEMISTRY,1.0
2025-08-26,R.D.H.S - Jaffna,ODC0014,ITA CONTROL SERUM 1- 6 X 2 ML,BIOCHEMISTRY,1.0
2025-08-26,R.D.H.S - Jaffna,ODC0005,HDL/LDL CHOLESTEROL CONTROL SERUM,BIOCHEMISTRY,1.0
2025-08-26,R.D.H.S - Jaffna,ODC0004,CONTROL SERUM 2- 20 X 5 ML,BIOCHEMISTRY,1.0
2025-08-26,R.D.H.S - Jaffna,ODC0003,CONTROL SERUM 1- 20 X 5 ML,BIOCHEMISTRY,1.0
2025-08-26,R.D.H.S - Jaffna,66317,ISE LOW SERUM STANDARD- 4 X 100 ML,BIOCHEMISTRY,1.0
2025-08-26,R.D.H.S - Jaffna,66316,ISE HIGH SERUM STANDARD- 4 X 100 ML,BIOCHEMISTRY,1.0
2025-08-26,R.D.H.S - Jaffna,66300,SYSTEM CALIBRATOR- 20 X 5 ML,BIOCHEMISTRY,1.0
2025-08-26,R.D.H.S - Jaffna,ODR3021,SERUM PROTEIN MULTI CALIBRATOR (LEVEL 1-6) 1X2 ML,BIOCHEMISTRY,1.0
2025-08-26,R.D.H.S - Jaffna,ODC0011,HDL-CHOLESTEROL CALIBRATOR- 2 X 3 ML,BIOCHEMISTRY,1.0
2025-08-26,R.D.H.S - Jaffna,OSR0001,WASH SOLUTION- 6 X 2 L,BIOCHEMISTRY,2.0
2025-08-26,University of Jaffna,A16792,WASH BUFFER II- ACCESS®- 4 BOTTLES- 1.9 L/BOTTLE,IMMUNOLOGY,2.0
2025-08-26,University of Jaffna,81906,SUBSTRATE- ACCESS®- 4 BOTTLES- 130 ML/BOTTLE,IMMUNOLOGY,4.0
2025-08-26,University of Jaffna,81910,SYSTEM CHECK SOLUTION,IMMUNOLOGY,1.0
2025-08-26,University of Jaffna,81904,WASTE BAGS- ACCESS®- 1 BOX- 20 BAGS/BOX,IMMUNOLOGY,4.0
2025-08-26,University of Jaffna,81901,REACTION/ALIQUOT VESSEL CARTRIDGES-1 BOX,IMMUNOLOGY,4.0
2025-08-26,University of Jaffna,81912,CITRANOX- 1 X 1 GALLON,IMMUNOLOGY,1.0
2025-08-26,University of Jaffna,81911,CONTRAD 70- 1.0 L,IMMUNOLOGY,1.0
2025-08-26,University of Jaffna,370,"Immunoassay Plus Control (Lyphochek), Trilevel – 12 x 5ml",BIOCHEMISTRY,1.0
2025-08-26,University of Jaffna,B63285,ACCESS TSH (3RD IS) CALIBRATORS,IMMUNOLOGY,1.0
2025-08-26,University of Jaffna,33025,FERRITIN CALIBRATORS (S0-S5)- 1 SET,IMMUNOLOGY,1.0
2025-08-26,University of Jaffna,33885,FREE T4 CALIBRATORS (S0-S5)- 1 SET,IMMUNOLOGY,1.0
2025-08-26,University of Jaffna,33020,FERRITIN- ACCESS®- 2 X 50 TESTS,IMMUNOLOGY,2.0
2025-08-26,University of Jaffna,33880,FREE T4- ACCESS®- 2 X 50 TESTS,IMMUNOLOGY,2.0
2025-08-26,University of Jaffna,B63284,ACCESS TSH (3RD IS) 2x100 DET,IMMUNOLOGY,6.0
2025-08-26,R.D.H.S - Jaffna,B63284,ACCESS TSH (3RD IS) 2x100 DET,IMMUNOLOGY,6.0
2025-08-26,R.D.H.S - Jaffna,33880,FREE T4- ACCESS®- 2 X 50 TESTS,IMMUNOLOGY,2.0
2025-08-26,R.D.H.S - Jaffna,33020,FERRITIN- ACCESS®- 2 X 50 TESTS,IMMUNOLOGY,2.0
2025-08-26,R.D.H.S - Jaffna,33885,FREE T4 CALIBRATORS (S0-S5)- 1 SET,IMMUNOLOGY,1.0
2025-08-26,R.D.H.S - Jaffna,33025,FERRITIN CALIBRATORS (S0-S5)- 1 SET,IMMUNOLOGY,1.0
2025-08-26,R.D.H.S - Jaffna,B63285,ACCESS TSH (3RD IS) CALIBRATORS,IMMUNOLOGY,1.0
2025-08-26,R.D.H.S - Jaffna,A16792,WASH BUFFER II- ACCESS®- 4 BOTTLES- 1.9 L/BOTTLE,IMMUNOLOGY,2.0
2025-08-26,R.D.H.S - Jaffna,81906,SUBSTRATE- ACCESS®- 4 BOTTLES- 130 ML/BOTTLE,IMMUNOLOGY,4.0
2025-08-26,R.D.H.S - Jaffna,81910,SYSTEM CHECK SOLUTION,IMMUNOLOGY,1.0
2025-08-26,R.D.H.S - Jaffna,81904,WASTE BAGS- ACCESS®- 1 BOX- 20 BAGS/BOX,IMMUNOLOGY,4.0
2025-08-26,R.D.H.S - Jaffna,370,"Immunoassay Plus Control (Lyphochek), Trilevel – 12 x 5ml",BIOCHEMISTRY,1.0
2025-08-26,R.D.H.S - Jaffna,81901,REACTION/ALIQUOT VESSEL CARTRIDGES-1 BOX,IMMUNOLOGY,4.0
2025-09-03,Teaching Hospital - Anuradhapura,20002400,EMULSION WASH-R ACL 9000-1L,COAGULATION,18.0
2025-09-03,Teaching Hospital - Anuradhapura,20006800,APTT RGT SYNTHASIL HEMOSIL,COAGULATION,3.0
2025-09-02,Base Hospital - Balapitiya,00024001418,CONTRIL 9 CONTROL MULTI-PAK 3X10X2 ML,BLOODGAS & ELECTROLYTE,1.0
2025-08-26,R.D.H.S - Jaffna,MU919600,CL ELECTRODE AU480 ANALYZER,BIOCHEMISTRY,1.0
2025-08-26,R.D.H.S - Jaffna,MU919500,K ELECTRODE AU480 ANALYZER,BIOCHEMISTRY,1.0
2025-08-26,R.D.H.S - Jaffna,MU919400,NA ELECTRODE AU480 ANALYZER,BIOCHEMISTRY,1.0
2025-09-08,General Hospital (Teaching) Jaffna,26330089,GEM 3/3.5K BG/ISE/GL 300 TEST IQM PAK,BLOODGAS & ELECTROLYTE,4.0
2025-02-05,R.D.H.S - Jaffna,26307589,GEM 3/3.5K BG/ISE/GL075 TEST IQM PAK,BLOODGAS & ELECTROLYTE,9.0
2025-09-02,Provincial General Hospital - Rathnapura,5508-IL,PRINTER PAPER,LOCAL-PURCHASE,2.0
2025-09-17,Teaching Hospital - Anuradhapura,OSR6147,CRP- R1 4 X 14 ML- R2 4 X 6 ML,BIOCHEMISTRY,20.0
2025-09-16,Medical Research Institute ( MRI ),66300,SYSTEM CALIBRATOR- 20 X 5 ML,BIOCHEMISTRY,1.0
2025-09-16,Medical Research Institute ( MRI ),OSR6198,URIC ACID REAGENT- 4 X 30 ML & 4 X 12.5 ML,BIOCHEMISTRY,3.0
2025-09-16,Medical Research Institute ( MRI ),ODC0016,ITA CONTROL SERUM 3- 6 X 2 ML,BIOCHEMISTRY,1.0
2025-09-16,Medical Research Institute ( MRI ),ODC0015,ITA CONTROL SERUM 2- 6 X 2 ML,BIOCHEMISTRY,2.0
2025-09-16,Medical Research Institute ( MRI ),ODC0014,ITA CONTROL SERUM 1- 6 X 2 ML,BIOCHEMISTRY,1.0
2025-09-16,Medical Research Institute ( MRI ),ODR3023,SERUM PROTEIN MULTI CALIBRATOR 2,BIOCHEMISTRY,1.0
2025-09-16,Medical Research Institute ( MRI ),ODR3021,SERUM PROTEIN MULTI CALIBRATOR (LEVEL 1-6) 1X2 ML,BIOCHEMISTRY,1.0
2025-09-16,Medical Research Institute ( MRI ),OSR61172,IGG-R1 4X22ML-R2 4X20ML,BIOCHEMISTRY,1.0
2025-09-16,Medical Research Institute ( MRI ),B38859,URINE/CSF ALBUMIN CALIBRATOR,BIOCHEMISTRY,2.0
2025-09-16,Medical Research Institute ( MRI ),B38858,URINE CSF ALBUMIN,BIOCHEMISTRY,6.0
2025-09-16,Medical Research Institute ( MRI ),OSR6170,URINARY/CSF PROTEIN- R1 4X19 ML- CALIBRATOR 1X3 ML,BIOCHEMISTRY,4.0
2025-09-16,Medical Research Institute ( MRI ),ODC0005,HDL/LDL CHOLESTEROL CONTROL SERUM,BIOCHEMISTRY,1.0
2025-09-16,Medical Research Institute ( MRI ),ODC0011,HDL-CHOLESTEROL CALIBRATOR- 2 X 3 ML,BIOCHEMISTRY,1.0
2025-09-16,Medical Research Institute ( MRI ),OSR61205,UIBC,BIOCHEMISTRY,6.0
2025-09-16,Medical Research Institute ( MRI ),OSR6186,IRON- R1 4 X 15 ML- R2 4 X 15 ML,BIOCHEMISTRY,1.0
2025-09-16,Medical Research Institute ( MRI ),OSR6232,TP (TOTAL PROTEIN) REAGENT- 4 X 48 ML & 4 X 48 ML,BIOCHEMISTRY,4.0
2025-09-16,Medical Research Institute ( MRI ),OSR6104,ALP (ALKALINE PHOSPHATASE) REAGENT,BIOCHEMISTRY,1.0
2025-09-16,Medical Research Institute ( MRI ),OSR6107,ALT (ALANINE AMINOTRANSFERASE) IFCC REAGENT,BIOCHEMISTRY,1.0
2025-09-16,Medical Research Institute ( MRI ),OSR6109,AST (ASPARTATE AMINOTRANSFERASE) REAGENT R1 4X25ML/R2 4X25ML,BIOCHEMISTRY,1.0
2025-09-16,Medical Research Institute ( MRI ),OSR6102,ALB (ALBUMIN) REAGENT- 4 X 29 ML,BIOCHEMISTRY,3.0
2025-09-16,Medical Research Institute ( MRI ),OSR6134,UREA- R1 4 X 25 ML- R2 4 X 25 ML,BIOCHEMISTRY,2.0
2025-09-16,Medical Research Institute ( MRI ),OSR6212,TBIL (TOTAL BILIRUBIN) REA- 4 X 40 ML & 4 X 40 ML,BIOCHEMISTRY,1.0
2025-09-16,Medical Research Institute ( MRI ),OSR6211,DIRECT BILIRUBIN- R1 4X20 ML- R2 4X20 ML,BIOCHEMISTRY,1.0
2025-09-16,Medical Research Institute ( MRI ),OSR6164,CERULOPLASMIN,BIOCHEMISTRY,6.0
2025-09-16,Medical Research Institute ( MRI ),OSR6178,CREATININE- R1 4 X 51 ML- R2 4 X 51 ML,BIOCHEMISTRY,5.0
2025-09-16,Medical Research Institute ( MRI ),OSR6287,HDL-CHOLESTEROL R14X51.3 R2 4X17.1 ML,BIOCHEMISTRY,1.0
2025-09-16,Medical Research Institute ( MRI ),OSR6279,CK (NAC)- R1-1 4X44 ML- R1-2 4X8 ML- R2 4X13 ML,BIOCHEMISTRY,1.0
2025-09-16,Medical Research Institute ( MRI ),OSR6020,GGT- R1 4 X 18 ML- R2 4 X 18 ML,BIOCHEMISTRY,1.0
2025-09-16,Medical Research Institute ( MRI ),OSR6221,GLUCOSE- R1 4 X 53 ML- R2 4 X 27 ML,BIOCHEMISTRY,1.0
2025-09-16,Medical Research Institute ( MRI ),OSR6287,HDL-CHOLESTEROL R14X51.3 R2 4X17.1 ML,BIOCHEMISTRY,2.0
2025-09-16,Medical Research Institute ( MRI ),OSR6128,LDH- R1 4 X 40 ML- R2 4 X 20 ML,BIOCHEMISTRY,1.0
2025-09-16,Medical Research Institute ( MRI ),OSR61118,TRIG (TRIGLYCERIDES) REAGENT R1 4X50 ML R2 4X12.5ML,BIOCHEMISTRY,1.0
2025-09-17,Base Hospital - Tangalle,26315089,GEM 3/3.5K BG/ISE/GL150 TEST IQM PAK,BLOODGAS & ELECTROLYTE,5.0
2025-09-16,Lady Ridgeway Hospital,26330089,GEM 3/3.5K BG/ISE/GL 300 TEST IQM PAK,BLOODGAS & ELECTROLYTE,2.0
2025-09-10,Base Hospital - Akkaraipattu,26330089,GEM 3/3.5K BG/ISE/GL 300 TEST IQM PAK,BLOODGAS & ELECTROLYTE,3.0
2025-09-10,Base Hospital - Akkaraipattu,5508-IL,PRINTER PAPER,LOCAL-PURCHASE,2.0
2025-09-15,General Hospital (Teaching) Jaffna,24001587,GEM CVP GEM 3K 4X5X2.5ML MULTIPACK,BLOODGAS & ELECTROLYTE,1.0
2025-09-15,General Hospital (Teaching) Jaffna,26315089,GEM 3/3.5K BG/ISE/GL150 TEST IQM PAK,BLOODGAS & ELECTROLYTE,4.0
2025-09-15,General Hospital (Teaching) Jaffna,5508-IL,PRINTER PAPER,LOCAL-PURCHASE,4.0
2025-09-15,R.D.H.S - Mullaitivu,66319,ISE MID STANDARD- 4 X 2000 ML,BIOCHEMISTRY,1.0
2025-09-15,R.D.H.S - Mullaitivu,66320,ISE BUFFER- 4 X 2000 ML,BIOCHEMISTRY,1.0
2025-09-16,Base Hospital - Kuliyapitiya,26315089,GEM 3/3.5K BG/ISE/GL150 TEST IQM PAK,BLOODGAS & ELECTROLYTE,10.0
2025-09-19,Medical Research Institute ( MRI ),OSR61172,IGG-R1 4X22ML-R2 4X20ML,BIOCHEMISTRY,1.0
2025-09-17,National Hospital of Sri Lanka,66318,ISE REFERENCE- 4 X 1000 ML,BIOCHEMISTRY,2.0
2025-09-17,National Hospital of Sri Lanka,OSR6121,GLUCOSE R1 4X25ML R2 4X12.5ML,BIOCHEMISTRY,2.0
2025-09-17,National Hospital of Sri Lanka,OSR61205,UIBC,BIOCHEMISTRY,2.0
2025-09-17,National Hospital of Sri Lanka,OSR6109,AST (ASPARTATE AMINOTRANSFERASE) REAGENT R1 4X25ML/R2 4X25ML,BIOCHEMISTRY,8.0
2025-09-17,National Hospital of Sri Lanka,OSR6186,IRON- R1 4 X 15 ML- R2 4 X 15 ML,BIOCHEMISTRY,1.0
2025-09-17,National Hospital of Sri Lanka,OSR6212,TBIL (TOTAL BILIRUBIN) REA- 4 X 40 ML & 4 X 40 ML,BIOCHEMISTRY,2.0
2025-09-17,National Hospital of Sri Lanka,OSR6147,CRP- R1 4 X 14 ML- R2 4 X 6 ML,BIOCHEMISTRY,25.0
2025-09-17,National Hospital of Sri Lanka,OSR6006,AMYLASE REAGENT- 4 X 10 ML,BIOCHEMISTRY,3.0
2025-09-17,National Hospital of Sri Lanka,OSR6179,CK (NAC)- R1-1 4X22 ML- R1-2 4X4 ML- R2 4X6 ML,BIOCHEMISTRY,3.0
2025-09-17,National Hospital of Sri Lanka,OSR6020,GGT- R1 4 X 18 ML- R2 4 X 18 ML,BIOCHEMISTRY,1.0
2025-09-17,National Hospital of Sri Lanka,OSR6104,ALP (ALKALINE PHOSPHATASE) REAGENT,BIOCHEMISTRY,1.0
2025-09-17,National Hospital of Sri Lanka,OSR6107,ALT (ALANINE AMINOTRANSFERASE) IFCC REAGENT,BIOCHEMISTRY,10.0
2025-09-17,District General Hospital - Mulativu,26307589,GEM 3/3.5K BG/ISE/GL075 TEST IQM PAK,BLOODGAS & ELECTROLYTE,3.0
2025-09-17,District General Hospital - Mulativu,24001587,GEM CVP GEM 3K 4X5X2.5ML MULTIPACK,BLOODGAS & ELECTROLYTE,1.0
2025-09-17,General Sir John Kotalawala Defence Academy,26315089,GEM 3/3.5K BG/ISE/GL150 TEST IQM PAK,BLOODGAS & ELECTROLYTE,3.0
2025-09-17,Sirimavo Bandaranayake Children Hospital,A16792,WASH BUFFER II- ACCESS®- 4 BOTTLES- 1.9 L/BOTTLE,IMMUNOLOGY,9.0
2025-09-17,Sirimavo Bandaranayake Children Hospital,33885,FREE T4 CALIBRATORS (S0-S5)- 1 SET,IMMUNOLOGY,1.0
2025-09-17,Sirimavo Bandaranayake Children Hospital,B63285,ACCESS TSH (3RD IS) CALIBRATORS,IMMUNOLOGY,1.0
2025-09-17,Sirimavo Bandaranayake Children Hospital,B63284,ACCESS TSH (3RD IS) 2x100 DET,IMMUNOLOGY,6.0
2025-09-17,Sirimavo Bandaranayake Children Hospital,33880,FREE T4- ACCESS®- 2 X 50 TESTS,IMMUNOLOGY,5.0
2025-09-22,Teaching Hospital - Colombo North,OSR6134,UREA- R1 4 X 25 ML- R2 4 X 25 ML,BIOCHEMISTRY,2.0
2025-09-22,Teaching Hospital - Colombo North,OSR6211,DIRECT BILIRUBIN- R1 4X20 ML- R2 4X20 ML,BIOCHEMISTRY,2.0
2025-09-22,Teaching Hospital - Colombo North,OSR61204,CREATININE (ENZYMATIC) R1 4X45ML R2 4X15ML,BIOCHEMISTRY,1.0
2025-09-22,Teaching Hospital - Colombo North,OSR6106,AMYLASE REAGENT- 4 X 40 ML,BIOCHEMISTRY,1.0
2025-09-22,Teaching Hospital - Colombo North,B38859,URINE/CSF ALBUMIN CALIBRATOR,BIOCHEMISTRY,1.0
2025-09-22,Teaching Hospital - Colombo North,B38858,URINE CSF ALBUMIN,BIOCHEMISTRY,3.0
2025-09-22,Teaching Hospital - Colombo North,OSR6170,URINARY/CSF PROTEIN- R1 4X19 ML- CALIBRATOR 1X3 ML,BIOCHEMISTRY,2.0
2025-09-22,Teaching Hospital - Colombo North,ODC0016,ITA CONTROL SERUM 3- 6 X 2 ML,BIOCHEMISTRY,1.0
2025-09-22,Teaching Hospital - Colombo North,ODC0015,ITA CONTROL SERUM 2- 6 X 2 ML,BIOCHEMISTRY,1.0
2025-09-22,Teaching Hospital - Colombo North,ODC0014,ITA CONTROL SERUM 1- 6 X 2 ML,BIOCHEMISTRY,1.0
2025-09-22,Teaching Hospital - Colombo North,ODR3021,SERUM PROTEIN MULTI CALIBRATOR (LEVEL 1-6) 1X2 ML,BIOCHEMISTRY,1.0
2025-09-22,Teaching Hospital - Colombo North,OSR6147,CRP- R1 4 X 14 ML- R2 4 X 6 ML,BIOCHEMISTRY,5.0
2025-09-22,Teaching Hospital - Colombo North,OSR6020,GGT- R1 4 X 18 ML- R2 4 X 18 ML,BIOCHEMISTRY,2.0
2025-09-22,Teaching Hospital - Colombo North,OSR6212,TBIL (TOTAL BILIRUBIN) REA- 4 X 40 ML & 4 X 40 ML,BIOCHEMISTRY,2.0
2025-09-22,Teaching Hospital - Colombo North,OSR6109,AST (ASPARTATE AMINOTRANSFERASE) REAGENT R1 4X25ML/R2 4X25ML,BIOCHEMISTRY,3.0
2025-09-22,Teaching Hospital - Colombo North,OSR6107,ALT (ALANINE AMINOTRANSFERASE) IFCC REAGENT,BIOCHEMISTRY,3.0
2025-09-22,Teaching Hospital - Colombo North,OSR6104,ALP (ALKALINE PHOSPHATASE) REAGENT,BIOCHEMISTRY,1.0
2025-09-22,Teaching Hospital - Colombo North,OSR6102,ALB (ALBUMIN) REAGENT- 4 X 29 ML,BIOCHEMISTRY,2.0
2025-09-18,Teaching Hospital - Colombo North,26330089,GEM 3/3.5K BG/ISE/GL 300 TEST IQM PAK,BLOODGAS & ELECTROLYTE,6.0
2025-09-18,Teaching Hospital - Colombo North,5508-IL,PRINTER PAPER,LOCAL-PURCHASE,3.0
2025-09-18,Inushan Bandara,OSR6178,CREATININE- R1 4 X 51 ML- R2 4 X 51 ML,BIOCHEMISTRY,1.0
2025-09-22,General Hospital - Kalutara,26330089,GEM 3/3.5K BG/ISE/GL 300 TEST IQM PAK,BLOODGAS & ELECTROLYTE,6.0
2025-09-22,Provincial General Hospital - Badulla,370,"Immunoassay Plus Control (Lyphochek), Trilevel – 12 x 5ml",BIOCHEMISTRY,4.0
2025-09-29,Base Hospital - Tellippalai,5508-IL,PRINTER PAPER,LOCAL-PURCHASE,9.0
2025-09-29,Base Hospital - Tellippalai,26307589,GEM 3/3.5K BG/ISE/GL075 TEST IQM PAK,BLOODGAS & ELECTROLYTE,12.0
2025-09-29,Base Hospital - Dambulla,26315089,GEM 3/3.5K BG/ISE/GL150 TEST IQM PAK,BLOODGAS & ELECTROLYTE,2.0
2025-09-30,District General Hospital - Embilipitiya,26330089,GEM 3/3.5K BG/ISE/GL 300 TEST IQM PAK,BLOODGAS & ELECTROLYTE,3.0
2025-09-30,District General Hospital - Embilipitiya,5508-IL,PRINTER PAPER,LOCAL-PURCHASE,2.0
2025-09-26,De Soysa Hospital for Women,20002400,EMULSION WASH-R ACL 9000-1L,COAGULATION,25.0
2025-09-29,Dr. Neville Fernando Teaching Hospital (NFTH),OSR6189,MAGNESIUM- R1 4 X 40 ML,BIOCHEMISTRY,1.0
2025-10-01,National Hospital of Sri Lanka,5508-IL,PRINTER PAPER,LOCAL-PURCHASE,10.0
2025-10-01,National Hospital of Sri Lanka,26330089,GEM 3/3.5K BG/ISE/GL 300 TEST IQM PAK,BLOODGAS & ELECTROLYTE,10.0
2025-09-30,Medical Research Institute ( MRI ),OSR6221,GLUCOSE- R1 4 X 53 ML- R2 4 X 27 ML,BIOCHEMISTRY,1.0
2025-09-30,Medical Research Institute ( MRI ),OSR6198,URIC ACID REAGENT- 4 X 30 ML & 4 X 12.5 ML,BIOCHEMISTRY,1.0
2025-10-02,Asiri Hospital Kandy (Pvt) Ltd,OSR6186,IRON- R1 4 X 15 ML- R2 4 X 15 ML,BIOCHEMISTRY,1.0
2025-10-02,Asiri Hospital Kandy (Pvt) Ltd,66316,ISE HIGH SERUM STANDARD- 4 X 100 ML,BIOCHEMISTRY,1.0
2025-10-02,Asiri Hospital Kandy (Pvt) Ltd,OSR0001,WASH SOLUTION- 6 X 2 L,BIOCHEMISTRY,1.0
2025-10-02,Asiri Hospital Kandy (Pvt) Ltd,66317,ISE LOW SERUM STANDARD- 4 X 100 ML,BIOCHEMISTRY,1.0
2025-10-02,Asiri Hospital Kandy (Pvt) Ltd,66039,CLEANING SOLUTION- 6 X 450 ML,BIOCHEMISTRY,1.0
2025-10-14,Medical Research Institute ( MRI ),OSR61173,IGM-R1 4X14ML-R2 4X11ML,BIOCHEMISTRY,1.0
2025-10-14,Medical Research Institute ( MRI ),OSR61172,IGG-R1 4X22ML-R2 4X20ML,BIOCHEMISTRY,1.0
2025-10-14,Medical Research Institute ( MRI ),OSR61171,IGA-R1 4X14ML-R2 4X11ML,BIOCHEMISTRY,1.0
2025-10-14,Medical Research Institute ( MRI ),OSR6159,C3(COMPLEMENT 3),BIOCHEMISTRY,1.0
2025-10-07,Teaching Hospital - Peradeniya,81904,WASTE BAGS- ACCESS®- 1 BOX- 20 BAGS/BOX,IMMUNOLOGY,2.0
2025-10-07,Teaching Hospital - Peradeniya,386357,OV MONITOR 2X50 TESTS,IMMUNOLOGY,1.0
2025-10-07,Teaching Hospital - Peradeniya,33600,CORTISOL- ACCESS®- 2 X 50 TESTS,IMMUNOLOGY,2.0
2025-10-07,Teaching Hospital - Peradeniya,37200,HYBRITECH® PSA- ACCESS®- 2 X 50 TESTS,IMMUNOLOGY,2.0
2025-10-07,Teaching Hospital - Peradeniya,33880,FREE T4- ACCESS®- 2 X 50 TESTS,IMMUNOLOGY,5.0
2025-10-07,Teaching Hospital - Peradeniya,81901,REACTION/ALIQUOT VESSEL CARTRIDGES-1 BOX,IMMUNOLOGY,6.0
2025-10-07,Teaching Hospital - Peradeniya,33530,PROLACTIN- ACCESS®- 2 X 50 TESTS,IMMUNOLOGY,1.0
2025-10-07,Teaching Hospital - Peradeniya,33020,FERRITIN- ACCESS®- 2 X 50 TESTS,IMMUNOLOGY,3.0
2025-10-07,Teaching Hospital - Peradeniya,33535,PROLACTIN CALIBRATORS (S0-S5) 1 SET,IMMUNOLOGY,1.0
2025-10-15,Teaching Hospital Colombo South,26330089,GEM 3/3.5K BG/ISE/GL 300 TEST IQM PAK,BLOODGAS & ELECTROLYTE,4.0
2025-10-15,Teaching Hospital Colombo South,26315089,GEM 3/3.5K BG/ISE/GL150 TEST IQM PAK,BLOODGAS & ELECTROLYTE,12.0
2025-10-13,General Hospital - Kalutara,26307589,GEM 3/3.5K BG/ISE/GL075 TEST IQM PAK,BLOODGAS & ELECTROLYTE,2.0
2025-10-14,Lady Ridgeway Hospital,0009832700,CRITICAL CARE/HEMOSIL CLEANING AGENT 80ML,COAGULATION,5.0
2025-10-14,Lady Ridgeway Hospital,20302400,HEMOSIL RINSE SOLUTION 4L,COAGULATION,30.0
2025-10-14,Lady Ridgeway Hospital,9831700,CLEANING SOLUTION 500ML,COAGULATION,5.0
2025-10-13,R.D.H.S - Gampaha,5508-IL,PRINTER PAPER,LOCAL-PURCHASE,1.0
2025-10-17,National Hospital of Sri Lanka,26330089,GEM 3/3.5K BG/ISE/GL 300 TEST IQM PAK,BLOODGAS & ELECTROLYTE,10.0
2025-10-15,General Sir John Kotalawala Defence Academy,26315089,GEM 3/3.5K BG/ISE/GL150 TEST IQM PAK,BLOODGAS & ELECTROLYTE,3.0
2025-10-15,R.D.H.S - Mullaitivu,66319,ISE MID STANDARD- 4 X 2000 ML,BIOCHEMISTRY,1.0
2025-10-15,R.D.H.S - Mullaitivu,66320,ISE BUFFER- 4 X 2000 ML,BIOCHEMISTRY,1.0
2025-10-16,Teaching Hospital - Karapitiya,5508-IL,PRINTER PAPER,LOCAL-PURCHASE,2.0
2025-10-16,Teaching Hospital - Karapitiya,26330089,GEM 3/3.5K BG/ISE/GL 300 TEST IQM PAK,BLOODGAS & ELECTROLYTE,8.0
2025-10-23,Base Hospital - Balapitiya,5508-IL,PRINTER PAPER,LOCAL-PURCHASE,5.0
2025-10-20,General Hospital (Teaching) Jaffna,24001587,GEM CVP GEM 3K 4X5X2.5ML MULTIPACK,BLOODGAS & ELECTROLYTE,1.0
2025-10-22,Castle Street Hospital for Women,26315089,GEM 3/3.5K BG/ISE/GL150 TEST IQM PAK,BLOODGAS & ELECTROLYTE,6.0
2025-10-22,Teaching Hospital - Karapitiya,26330089,GEM 3/3.5K BG/ISE/GL 300 TEST IQM PAK,BLOODGAS & ELECTROLYTE,5.0
2025-10-23,District General Hospital - Nuwara-Eliya,26330089,GEM 3/3.5K BG/ISE/GL 300 TEST IQM PAK,BLOODGAS & ELECTROLYTE,1.0
2025-10-23,District General Hospital - Nuwara-Eliya,8217000,HEPARIN CAPILLARIES (REF 105107) 2X100MM-100 PCS,BLOODGAS & ELECTROLYTE,1.0
2025-10-23,District General Hospital - Nuwara-Eliya,24001587,GEM CVP GEM 3K 4X5X2.5ML MULTIPACK,BLOODGAS & ELECTROLYTE,1.0
2025-10-23,District General Hospital - Nuwara-Eliya,5508-IL,PRINTER PAPER,LOCAL-PURCHASE,1.0
2025-10-23,District General Hospital - Nuwara-Eliya,26315089,GEM 3/3.5K BG/ISE/GL150 TEST IQM PAK,BLOODGAS & ELECTROLYTE,1.0
2025-10-31,Base Hospital - Tangalle,5508-IL,PRINTER PAPER,LOCAL-PURCHASE,5.0
2025-10-27,Teaching Hospital - Anuradhapura,OSR6147,CRP- R1 4 X 14 ML- R2 4 X 6 ML,BIOCHEMISTRY,20.0
2025-10-27,Teaching Hospital - Anuradhapura,OSR6128,LDH- R1 4 X 40 ML- R2 4 X 20 ML,BIOCHEMISTRY,2.0
2025-10-27,Teaching Hospital - Anuradhapura,ODC0003,CONTROL SERUM 1- 20 X 5 ML,BIOCHEMISTRY,1.0
2025-10-27,Teaching Hospital - Anuradhapura,ODC0004,CONTROL SERUM 2- 20 X 5 ML,BIOCHEMISTRY,1.0
2025-10-27,Teaching Hospital - Anuradhapura,OSR6178,CREATININE- R1 4 X 51 ML- R2 4 X 51 ML,BIOCHEMISTRY,2.0
2025-10-27,Teaching Hospital - Anuradhapura,OSR6187,HDL-CHOLESTEROL- R1 4X27 ML- R2 4X9 ML,BIOCHEMISTRY,3.0
2025-10-24,Castle Street Hospital for Women,8217000,HEPARIN CAPILLARIES (REF 105107) 2X100MM-100 PCS,BLOODGAS & ELECTROLYTE,6.0
2025-09-11,Sirimavo Bandaranayake Children Hospital,6800000,ROTORS SET (4x25 ROTORS),COAGULATION,1.0
2025-09-11,Sirimavo Bandaranayake Children Hospital,9757600,FACTOR DILUENT 100ML,COAGULATION,1.0
2025-09-11,Sirimavo Bandaranayake Children Hospital,9831700,CLEANING SOLUTION 500ML,COAGULATION,1.0
2025-09-11,Sirimavo Bandaranayake Children Hospital,20003700,CALIBRATION PLASMA HEMOSIL 10X1ML,COAGULATION,1.0
2025-09-11,Sirimavo Bandaranayake Children Hospital,00020301100,FIBRINOGEN-CLAUSS KIT HEMOSIL 10X2ML,COAGULATION,1.0
2025-09-11,Sirimavo Bandaranayake Children Hospital,00020003110,NORMAL CONTROL ASSAYED 10X1ML,COAGULATION,1.0
2025-09-11,Sirimavo Bandaranayake Children Hospital,20006800,APTT RGT SYNTHASIL HEMOSIL,COAGULATION,1.0
2025-09-11,Sirimavo Bandaranayake Children Hospital,8469810,PT RGT PT-FIBRINOGEN HS PLUS 5+5X8ML,COAGULATION,1.0
2025-09-11,Sirimavo Bandaranayake Children Hospital,20002400,EMULSION WASH-R ACL 9000-1L,COAGULATION,1.0
2025-09-11,Sirimavo Bandaranayake Children Hospital,20011800,FACTOR VIII DEF PLASMA HEMOSIL 10XML,COAGULATION,1.0
2025-09-11,Sirimavo Bandaranayake Children Hospital,20008610,CONTROL D-DIMER 2 LEVELS,COAGULATION,1.0
2025-09-11,Sirimavo Bandaranayake Children Hospital,20008500,D-DIMER KIT 100-115 TEST,COAGULATION,1.0
2025-10-30,Castle Street Hospital for Women,386357,OV MONITOR 2X50 TESTS,IMMUNOLOGY,3.0
2025-10-30,Castle Street Hospital for Women,A16792,WASH BUFFER II- ACCESS®- 4 BOTTLES- 1.9 L/BOTTLE,IMMUNOLOGY,10.0
2025-10-30,Castle Street Hospital for Women,81906,SUBSTRATE- ACCESS®- 4 BOTTLES- 130 ML/BOTTLE,IMMUNOLOGY,4.0
2025-10-30,Castle Street Hospital for Women,33020,FERRITIN- ACCESS®- 2 X 50 TESTS,IMMUNOLOGY,10.0
2025-10-30,Castle Street Hospital for Women,B63284,ACCESS TSH (3RD IS) 2x100 DET,IMMUNOLOGY,2.0
2025-10-30,Castle Street Hospital for Women,81901,REACTION/ALIQUOT VESSEL CARTRIDGES-1 BOX,IMMUNOLOGY,3.0
2025-10-30,Castle Street Hospital for Women,33880,FREE T4- ACCESS®- 2 X 50 TESTS,IMMUNOLOGY,2.0
2025-10-31,General Hospital (Teaching) Kandy,26330089,GEM 3/3.5K BG/ISE/GL 300 TEST IQM PAK,BLOODGAS & ELECTROLYTE,5.0
2025-10-31,District General Hospital - Matara,OSR6234,UREA- R1 4 X 53 ML- R2 4 X 53 ML,BIOCHEMISTRY,3.0
2025-10-31,District General Hospital - Matara,OSR6212,TBIL (TOTAL BILIRUBIN) REA- 4 X 40 ML & 4 X 40 ML,BIOCHEMISTRY,1.0
2025-10-31,District General Hospital - Matara,B38858,URINE CSF ALBUMIN,BIOCHEMISTRY,6.0
2025-10-31,District General Hospital - Matara,OSR6178,CREATININE- R1 4 X 51 ML- R2 4 X 51 ML,BIOCHEMISTRY,6.0
2025-11-06,National Hospital of Sri Lanka,OSR6107,ALT (ALANINE AMINOTRANSFERASE) IFCC REAGENT,BIOCHEMISTRY,2.0
2025-11-06,National Hospital of Sri Lanka,OSR6147,CRP- R1 4 X 14 ML- R2 4 X 6 ML,BIOCHEMISTRY,50.0
2025-11-06,National Hospital of Sri Lanka,OSR6109,AST (ASPARTATE AMINOTRANSFERASE) REAGENT R1 4X25ML/R2 4X25ML,BIOCHEMISTRY,2.0
2025-11-06,National Hospital of Sri Lanka,66300,SYSTEM CALIBRATOR- 20 X 5 ML,BIOCHEMISTRY,2.0
2025-11-06,National Hospital of Sri Lanka,66039,CLEANING SOLUTION- 6 X 450 ML,BIOCHEMISTRY,2.0
2025-11-08,Base Hospital - Dambulla,26330089,GEM 3/3.5K BG/ISE/GL 300 TEST IQM PAK,BLOODGAS & ELECTROLYTE,2.0
2025-11-07,General Hospital - Kalutara,26307589,GEM 3/3.5K BG/ISE/GL075 TEST IQM PAK,BLOODGAS & ELECTROLYTE,3.0
2025-11-10,Teaching Hospital - Karapitiya,26330089,GEM 3/3.5K BG/ISE/GL 300 TEST IQM PAK,BLOODGAS & ELECTROLYTE,25.0
2025-11-10,Teaching Hospital - Karapitiya,5508-IL,PRINTER PAPER,LOCAL-PURCHASE,4.0
2025-11-07,Base Hospital - Tellippalai,5508-IL,PRINTER PAPER,LOCAL-PURCHASE,9.0
2025-11-07,Base Hospital - Tellippalai,26307589,GEM 3/3.5K BG/ISE/GL075 TEST IQM PAK,BLOODGAS & ELECTROLYTE,12.0
2025-11-06,Teaching Hospital - Peradeniya,26330089,GEM 3/3.5K BG/ISE/GL 300 TEST IQM PAK,BLOODGAS & ELECTROLYTE,24.0
2025-11-12,R.D.H.S - Kalutara,26315089,GEM 3/3.5K BG/ISE/GL150 TEST IQM PAK,BLOODGAS & ELECTROLYTE,10.0
2025-11-12,R.D.H.S - Kalutara,26307589,GEM 3/3.5K BG/ISE/GL075 TEST IQM PAK,BLOODGAS & ELECTROLYTE,3.0
2025-11-14,General Hospital (Teaching) Kandy,26315089,GEM 3/3.5K BG/ISE/GL150 TEST IQM PAK,BLOODGAS & ELECTROLYTE,4.0
2025-11-20,District General Hospital - Embilipitiya,26330089,GEM 3/3.5K BG/ISE/GL 300 TEST IQM PAK,BLOODGAS & ELECTROLYTE,3.0
2025-11-20,District General Hospital - Embilipitiya,5508-IL,PRINTER PAPER,LOCAL-PURCHASE,2.0
2025-11-14,Provincial General Hospital - Rathnapura,OSR6147,CRP- R1 4 X 14 ML- R2 4 X 6 ML,BIOCHEMISTRY,40.0
2025-11-14,Provincial General Hospital - Rathnapura,OSR6107,ALT (ALANINE AMINOTRANSFERASE) IFCC REAGENT,BIOCHEMISTRY,9.0
2025-11-14,Provincial General Hospital - Rathnapura,OSR6178,CREATININE- R1 4 X 51 ML- R2 4 X 51 ML,BIOCHEMISTRY,6.0
2025-11-14,Provincial General Hospital - Rathnapura,66320,ISE BUFFER- 4 X 2000 ML,BIOCHEMISTRY,3.0
2025-11-14,Provincial General Hospital - Rathnapura,MU919500,K ELECTRODE AU480 ANALYZER,BIOCHEMISTRY,1.0
2025-11-14,Provincial General Hospital - Rathnapura,OSR61105,RF LATEX- R1 4 X 24 ML- R2 4 X 8 ML,BIOCHEMISTRY,2.0
2025-11-14,Provincial General Hospital - Rathnapura,ODC0028,RF LATEX CALIBRATOR (LEVEL 1-5) 1X1 ML,BIOCHEMISTRY,1.0
2025-11-14,Provincial General Hospital - Rathnapura,ODC0014,ITA CONTROL SERUM 1- 6 X 2 ML,BIOCHEMISTRY,1.0
2025-11-14,Provincial General Hospital - Rathnapura,OSR6109,AST (ASPARTATE AMINOTRANSFERASE) REAGENT R1 4X25ML/R2 4X25ML,BIOCHEMISTRY,7.0
2025-11-14,Provincial General Hospital - Rathnapura,OSR6198,URIC ACID REAGENT- 4 X 30 ML & 4 X 12.5 ML,BIOCHEMISTRY,2.0
2025-11-14,Provincial General Hospital - Rathnapura,MU919400,NA ELECTRODE AU480 ANALYZER,BIOCHEMISTRY,1.0
2025-11-14,Provincial General Hospital - Rathnapura,MU919700,REFERENCE ELECTRODE AU480 ANALYZER,BIOCHEMISTRY,1.0
2025-11-14,Provincial General Hospital - Rathnapura,MU919600,CL ELECTRODE AU480 ANALYZER,BIOCHEMISTRY,1.0
2025-11-14,Provincial General Hospital - Rathnapura,OSR6189,MAGNESIUM- R1 4 X 40 ML,BIOCHEMISTRY,4.0
2025-11-14,Provincial General Hospital - Rathnapura,OSR6104,ALP (ALKALINE PHOSPHATASE) REAGENT,BIOCHEMISTRY,2.0
2025-11-14,Provincial General Hospital - Rathnapura,OSR6102,ALB (ALBUMIN) REAGENT- 4 X 29 ML,BIOCHEMISTRY,2.0
2025-11-14,Provincial General Hospital - Rathnapura,ODC0016,ITA CONTROL SERUM 3- 6 X 2 ML,BIOCHEMISTRY,1.0
2025-11-14,Provincial General Hospital - Rathnapura,OSR6187,HDL-CHOLESTEROL- R1 4X27 ML- R2 4X9 ML,BIOCHEMISTRY,5.0
2025-11-14,Provincial General Hospital - Rathnapura,OSR60117,CALCIUM ARSENAZO- R1 4 X 15 ML,BIOCHEMISTRY,2.0
2025-11-19,De Soysa Hospital for Women,26330089,GEM 3/3.5K BG/ISE/GL 300 TEST IQM PAK,BLOODGAS & ELECTROLYTE,4.0
2025-11-19,Base Hospital - Diyatalawa,26307589,GEM 3/3.5K BG/ISE/GL075 TEST IQM PAK,BLOODGAS & ELECTROLYTE,5.0
2025-11-19,Teaching Hospital - Peradeniya,ODC0015,ITA CONTROL SERUM 2- 6 X 2 ML,BIOCHEMISTRY,1.0
2025-11-19,Teaching Hospital - Peradeniya,OSR61204,CREATININE (ENZYMATIC) R1 4X45ML R2 4X15ML,BIOCHEMISTRY,6.0
2025-11-19,Teaching Hospital - Peradeniya,OSR6287,HDL-CHOLESTEROL R14X51.3 R2 4X17.1 ML,BIOCHEMISTRY,2.0
2025-11-19,Teaching Hospital - Peradeniya,OSR6109,AST (ASPARTATE AMINOTRANSFERASE) REAGENT R1 4X25ML/R2 4X25ML,BIOCHEMISTRY,1.0
2025-11-19,Teaching Hospital - Peradeniya,OSR6104,ALP (ALKALINE PHOSPHATASE) REAGENT,BIOCHEMISTRY,1.0
2025-11-19,Teaching Hospital - Peradeniya,OSR6147,CRP- R1 4 X 14 ML- R2 4 X 6 ML,BIOCHEMISTRY,6.0
2025-11-19,Teaching Hospital - Peradeniya,OSR6132,TP (TOTAL PROTEIN) REAGENT- 4 X 25 ML & 4 X 25 ML,BIOCHEMISTRY,1.0
2025-11-19,Teaching Hospital - Peradeniya,OSR6128,LDH- R1 4 X 40 ML- R2 4 X 20 ML,BIOCHEMISTRY,1.0
2025-11-19,Teaching Hospital - Peradeniya,OSR6106,AMYLASE REAGENT- 4 X 40 ML,BIOCHEMISTRY,1.0
2025-11-19,Teaching Hospital - Peradeniya,OSR6193,LACTATE- R1 4 X 10 ML- 4 X LYO,BIOCHEMISTRY,1.0
2025-11-19,Teaching Hospital - Peradeniya,OSR60118,TRIG (TRIGLYCERIDES) REAGENT- 4 X 20 ML & 4 X 5 ML,BIOCHEMISTRY,2.0
2025-11-19,Teaching Hospital - Peradeniya,OSR0001,WASH SOLUTION- 6 X 2 L,BIOCHEMISTRY,1.0
2025-11-19,Teaching Hospital - Peradeniya,ODR3021,SERUM PROTEIN MULTI CALIBRATOR (LEVEL 1-6) 1X2 ML,BIOCHEMISTRY,1.0
2025-11-19,Teaching Hospital - Peradeniya,ODC0016,ITA CONTROL SERUM 3- 6 X 2 ML,BIOCHEMISTRY,1.0
2025-11-19,National Hospital of Sri Lanka,5508-IL,PRINTER PAPER,LOCAL-PURCHASE,1.0
2025-11-19,National Hospital of Sri Lanka,26307589,GEM 3/3.5K BG/ISE/GL075 TEST IQM PAK,BLOODGAS & ELECTROLYTE,3.0
2025-11-24,Teaching Hospital - Kurunagala,OSR61118,TRIG (TRIGLYCERIDES) REAGENT,BIOCHEMISTRY,6.0
2025-11-24,Teaching Hospital - Kurunagala,OSR6234,UREA- R1 4 X 53 ML- R2 4 X 53 ML,BIOCHEMISTRY,6.0
2025-11-24,Teaching Hospital - Kurunagala,OSR6198,URIC ACID REAGENT- 4 X 30 ML & 4 X 12.5 ML,BIOCHEMISTRY,2.0
2025-11-24,Teaching Hospital - Kurunagala,66039,CLEANING SOLUTION- 6 X 500 ML,BIOCHEMISTRY,1.0
2025-11-24,Teaching Hospital - Kurunagala,OSR0001,WASH SOLUTION- 6 X 2 L,BIOCHEMISTRY,8.0
2025-11-24,Teaching Hospital - Kurunagala,66318,ISE REFERENCE- 4 X 1000 ML,BIOCHEMISTRY,6.0
2025-11-24,Teaching Hospital - Kurunagala,66320,ISE BUFFER- 4 X 2000 ML,BIOCHEMISTRY,12.0
2025-11-24,Teaching Hospital - Kurunagala,00006799200,SAMPLE CUPS 0.5ML (1000/PK),COAGULATION,3.0
2025-11-24,Teaching Hospital - Kurunagala,MU919400,NA ELECTRODE AU480 ANALYZER,BIOCHEMISTRY,1.0
2025-11-24,Teaching Hospital - Kurunagala,MU919500,K ELECTRODE AU480 ANALYZER,BIOCHEMISTRY,1.0
2025-11-24,Teaching Hospital - Kurunagala,MU919700,REFERENCE ELECTRODE AU480 ANALYZER,BIOCHEMISTRY,1.0
2025-11-24,Teaching Hospital - Kurunagala,OSR6116,CHOLESTEROL 4 X 22.5 ML R1,BIOCHEMISTRY,4.0
2025-11-24,Teaching Hospital - Kurunagala,OSR61204,CREATININE (ENZYMATIC) R1 4X45ML R2 4X15ML,BIOCHEMISTRY,22.0
2025-11-24,Teaching Hospital - Kurunagala,OSR6020,GGT- R1 4 X 18 ML- R2 4 X 18 ML,BIOCHEMISTRY,5.0
2025-11-24,Teaching Hospital - Kurunagala,OSR61117,CALCIUM ARSENAZO- R1 4 X 29 ML,BIOCHEMISTRY,4.0
2025-11-24,Teaching Hospital - Kurunagala,OSR6109,AST (ASPARTATE AMINOTRANSFERASE) REAGENT R1 4X25ML/R2 4X25ML,BIOCHEMISTRY,6.0
2025-11-24,Teaching Hospital - Kurunagala,OSR6221,GLUCOSE- R1 4 X 53 ML- R2 4 X 27 ML,BIOCHEMISTRY,6.0
2025-11-24,Teaching Hospital - Kurunagala,ODC0011,HDL-CHOLESTEROL CALIBRATOR- 2 X 3 ML,BIOCHEMISTRY,1.0
2025-11-24,Teaching Hospital - Kurunagala,OSR6128,LDH- R1 4 X 40 ML- R2 4 X 20 ML,BIOCHEMISTRY,3.0
2025-11-24,Teaching Hospital - Kurunagala,OSR6122,INORGANIC PHOSPHOROUS- R1 4X15 ML- R2 4X15 ML,BIOCHEMISTRY,4.0
2025-11-24,Teaching Hospital - Kurunagala,OSR6132,TP (TOTAL PROTEIN) REAGENT- 4 X 25 ML & 4 X 25 ML,BIOCHEMISTRY,6.0
2025-11-24,Teaching Hospital - Kurunagala,OSR6211,DIRECT BILIRUBIN- R1 4X20 ML- R2 4X20 ML,BIOCHEMISTRY,6.0
2025-11-24,Teaching Hospital - Kurunagala,OSR6107,ALT (ALANINE AMINOTRANSFERASE) IFCC REAGENT,BIOCHEMISTRY,10.0
2025-11-24,Teaching Hospital - Kurunagala,OSR6104,ALP (ALKALINE PHOSPHATASE) REAGENT,BIOCHEMISTRY,6.0
2025-11-24,Teaching Hospital - Kurunagala,OSR6112,TBIL (TOTAL BILIRUBIN) REAGENT,BIOCHEMISTRY,12.0
2025-11-24,Teaching Hospital - Kurunagala,66314,ISE INTERNAL REFERENCE- 2 X 25 ML,BIOCHEMISTRY,1.0
2025-11-24,Teaching Hospital - Kurunagala,66319,ISE MID STANDARD- 4 X 2000 ML,BIOCHEMISTRY,15.0
2025-11-24,Teaching Hospital - Kurunagala,66317,ISE LOW SERUM STANDARD- 4 X 100 ML,BIOCHEMISTRY,1.0
2025-11-24,Teaching Hospital - Kurunagala,66316,ISE HIGH SERUM STANDARD- 4 X 100 ML,BIOCHEMISTRY,1.0
2025-11-24,Teaching Hospital - Kurunagala,66313,ISE NA+/K+ SELECTIVITY CHECK- 2 X 25 ML,BIOCHEMISTRY,1.0
2025-11-24,Teaching Hospital - Kurunagala,66300,SYSTEM CALIBRATOR- 20 X 5 ML,BIOCHEMISTRY,1.0
2025-11-24,Teaching Hospital - Kurunagala,OSR6170,URINARY/CSF PROTEIN- R1 4X19 ML- CALIBRATOR 1X3 ML,BIOCHEMISTRY,3.0
2025-11-24,Teaching Hospital - Kurunagala,B64606,URINE CALIBRATOR,BIOCHEMISTRY,1.0
2025-11-24,Teaching Hospital - Kurunagala,66315,ISE LOW/HIGH URINE STANDARD,BIOCHEMISTRY,1.0
2025-11-24,Teaching Hospital - Kurunagala,OSR6102,ALB (ALBUMIN) REAGENT- 4 X 29 ML,BIOCHEMISTRY,6.0
2025-11-24,Teaching Hospital - Kurunagala,OSR6106,AMYLASE REAGENT- 4 X 40 ML,BIOCHEMISTRY,3.0
2025-11-24,Teaching Hospital - Kurunagala,OSR6147,CRP- R1 4 X 14 ML- R2 4 X 6 ML,BIOCHEMISTRY,70.0
2025-11-24,Teaching Hospital - Kurunagala,OSR6187,HDL-CHOLESTEROL- R1 4X27 ML- R2 4X9 ML,BIOCHEMISTRY,8.0
2025-11-24,Teaching Hospital - Kurunagala,OSR6189,MAGNESIUM- R1 4 X 40 ML,BIOCHEMISTRY,6.0
2025-11-24,Teaching Hospital - Kurunagala,ODR3021,SERUM PROTEIN MULTI CALIBRATOR (LEVEL 1-6) 1X2 ML,BIOCHEMISTRY,1.0
2025-07-04,Teaching Hospital - Kurunagala,33560,TESTOSTERONE- ACCESS®- 2 X 50 TESTS,IMMUNOLOGY,3.0
2025-07-04,Teaching Hospital - Kurunagala,81904,WASTE BAGS- ACCESS®- 1 BOX- 20 BAGS/BOX,IMMUNOLOGY,6.0
2025-07-04,Teaching Hospital - Kurunagala,81901,REACTION/ALIQUOT VESSEL CARTRIDGES-1 BOX,IMMUNOLOGY,15.0
2025-07-04,Teaching Hospital - Kurunagala,A16792,WASH BUFFER II- ACCESS®- 4 BOTTLES- 1.9 L/BOTTLE,IMMUNOLOGY,50.0
2025-07-04,Teaching Hospital - Kurunagala,33600,CORTISOL- ACCESS®- 2 X 50 TESTS,IMMUNOLOGY,4.0
2025-07-04,Teaching Hospital - Kurunagala,33885,FREE T4 CALIBRATORS (S0-S5)- 1 SET,IMMUNOLOGY,1.0
2025-07-04,Teaching Hospital - Kurunagala,A13430,FREE T3 CALIBRATORS (S0-S5)- ACCESS®- 1 SET,IMMUNOLOGY,1.0
2025-07-04,Teaching Hospital - Kurunagala,B63285,ACCESS TSH (3RD IS) CALIBRATORS,IMMUNOLOGY,2.0
2025-07-04,Teaching Hospital - Kurunagala,81906,SUBSTRATE- ACCESS®- 4 BOTTLES- 130 ML/BOTTLE,IMMUNOLOGY,10.0
2025-07-04,Teaching Hospital - Kurunagala,B63284,ACCESS TSH (3RD IS) 2x100 DET,IMMUNOLOGY,20.0
2025-07-04,Teaching Hospital - Kurunagala,33880,FREE T4- ACCESS®- 2 X 50 TESTS,IMMUNOLOGY,10.0
2025-07-04,Teaching Hospital - Kurunagala,A13422,FREE T3- ACCESS®- 2 X 50 TESTS,IMMUNOLOGY,4.0
2025-07-04,Teaching Hospital - Kurunagala,81910,SYSTEM CHECK SOLUTION,IMMUNOLOGY,1.0
2025-07-04,Teaching Hospital - Kurunagala,33605,CORTISOL CALIBRATORS,IMMUNOLOGY,1.0
2025-07-04,Teaching Hospital - Kurunagala,33020,FERRITIN- ACCESS®- 2 X 50 TESTS,IMMUNOLOGY,15.0
2025-07-04,Teaching Hospital - Kurunagala,A32898,"Thyroglobulin Antibody II, Access®, 2 x 50 tests",IMMUNOLOGY,4.0
2025-07-04,Teaching Hospital - Kurunagala,A85264,TOTAL BETA-HCG- ACCESS®- 2 X 50 TESTS(33500),IMMUNOLOGY,4.0
2025-07-04,Teaching Hospital - Kurunagala,33565,TESTOSTERONE CALIBRATORS (S0-S5)- 1 SET,IMMUNOLOGY,1.0
2025-07-04,Teaching Hospital - Kurunagala,A36920,"Thyroglobulin Antibody II Calibrators (S0-S5), Access®, 1 set, S0 - 4.0 mL; S1-S5 - 2.5 Ml",IMMUNOLOGY,2.0
2025-07-04,Teaching Hospital - Kurunagala,B11754,TOTAL BETA- HCG CALIBRATORS S0-S5,IMMUNOLOGY,1.0
2025-07-04,Teaching Hospital - Kurunagala,33530,PROLACTIN- ACCESS®- 2 X 50 TESTS,IMMUNOLOGY,3.0
2025-07-04,Teaching Hospital - Kurunagala,33535,PROLACTIN CALIBRATORS (S0-S5) 1 SET,IMMUNOLOGY,1.0
2025-07-04,Teaching Hospital - Kurunagala,33525,HFSH CALIBRATORS (S0-S5)- 1 SET,IMMUNOLOGY,1.0
2025-07-04,Teaching Hospital - Kurunagala,33515,HLH CALIBRATORS (S0-S5)- 1 SET,IMMUNOLOGY,1.0
2025-07-04,Teaching Hospital - Kurunagala,33025,FERRITIN CALIBRATORS (S0-S5)- 1 SET,IMMUNOLOGY,1.0
2025-07-04,Teaching Hospital - Kurunagala,33510,HLH- ACCESS®- 2 X 50 TESTS,IMMUNOLOGY,3.0
2025-07-04,Teaching Hospital - Kurunagala,33520,HFSH- ACCESS®- 2 X 50 TESTS,IMMUNOLOGY,3.0
2025-11-28,Base Hospital - Diyatalawa,26330089,GEM 3/3.5K BG/ISE/GL 300 TEST IQM PAK,BLOODGAS & ELECTROLYTE,5.0
2025-11-25,R.D.H.S - Gampaha,26315089,GEM 3/3.5K BG/ISE/GL150 TEST IQM PAK,BLOODGAS & ELECTROLYTE,9.0
2025-11-25,R.D.H.S - Gampaha,5508-IL,PRINTER PAPER,LOCAL-PURCHASE,2.0
2025-11-26,General Sir John Kotalawala Defence Academy,26315089,GEM 3/3.5K BG/ISE/GL150 TEST IQM PAK,BLOODGAS & ELECTROLYTE,3.0
2025-11-26,District General Hospital - Vavuniya,5508-IL,PRINTER PAPER,LOCAL-PURCHASE,5.0
2025-11-26,District General Hospital - Vavuniya,24001587,GEM CVP GEM 3K 4X5X2.5ML MULTIPACK,BLOODGAS & ELECTROLYTE,1.0
2025-11-26,District General Hospital - Vavuniya,26315089,GEM 3/3.5K BG/ISE/GL150 TEST IQM PAK,BLOODGAS & ELECTROLYTE,9.0
2025-11-27,Dr. Neville Fernando Teaching Hospital (NFTH),OSR6222,INORGANIC PHOSPHOROUS- R1 4X40 ML- R2 4X40 ML,BIOCHEMISTRY,1.0
2025-11-27,Dr. Neville Fernando Teaching Hospital (NFTH),OSR6189,MAGNESIUM- R1 4 X 40 ML,BIOCHEMISTRY,1.0
2025-11-27,Dr. Neville Fernando Teaching Hospital (NFTH),OSR6178,CREATININE- R1 4 X 51 ML- R2 4 X 51 ML,BIOCHEMISTRY,1.0
2025-12-03,General Hospital - Kalutara,26330089,GEM 3/3.5K BG/ISE/GL 300 TEST IQM PAK,BLOODGAS & ELECTROLYTE,6.0
2025-12-03,General Hospital - Kalutara,26307589,GEM 3/3.5K BG/ISE/GL075 TEST IQM PAK,BLOODGAS & ELECTROLYTE,1.0
2025-12-05,Asiri Hospital Kandy (Pvt) Ltd,MU919700,REFERENCE ELECTRODE AU480 ANALYZER,BIOCHEMISTRY,1.0
2025-12-05,Asiri Hospital Kandy (Pvt) Ltd,MU919500,K ELECTRODE AU480 ANALYZER,BIOCHEMISTRY,1.0
2025-12-05,Asiri Hospital Kandy (Pvt) Ltd,OSR6186,IRON- R1 4 X 15 ML- R2 4 X 15 ML,BIOCHEMISTRY,1.0
2025-12-05,Asiri Hospital Kandy (Pvt) Ltd,MU919400,NA ELECTRODE AU480 ANALYZER,BIOCHEMISTRY,1.0
2025-12-05,Asiri Hospital Kandy (Pvt) Ltd,OSR0001,WASH SOLUTION- 6 X 2 L,BIOCHEMISTRY,1.0
2025-12-05,Asiri Hospital Kandy (Pvt) Ltd,MU919600,CL ELECTRODE AU480 ANALYZER,BIOCHEMISTRY,1.0
2025-12-05,Teaching Hospital - Karapitiya,26307589,GEM 3/3.5K BG/ISE/GL075 TEST IQM PAK,BLOODGAS & ELECTROLYTE,2.0
2025-12-05,Teaching Hospital - Karapitiya,26330089,GEM 3/3.5K BG/ISE/GL 300 TEST IQM PAK,BLOODGAS & ELECTROLYTE,6.0
2025-12-15,Teaching Hospital - Anuradhapura,00006799200,SAMPLE CUPS 0.5ML (1000/PK),COAGULATION,2.0
2025-12-15,Teaching Hospital - Anuradhapura,00020003310,HIGH ABNORMAL CONTROL ASSAYED,COAGULATION,4.0
2025-12-15,Teaching Hospital - Anuradhapura,20002400,EMULSION WASH-R ACL 9000-1L,COAGULATION,25.0
2025-12-15,Teaching Hospital - Anuradhapura,0009832700,CRITICAL CARE/HEMOSIL CLEANING AGENT 80ML,COAGULATION,2.0
2025-12-15,Teaching Hospital - Anuradhapura,20003700,CALIBRATION PLASMA HEMOSIL 10X1ML,COAGULATION,10.0
2025-12-15,Teaching Hospital - Anuradhapura,9831700,CLEANING SOLUTION 500ML,COAGULATION,4.0
2025-12-15,Teaching Hospital - Anuradhapura,00020003110,NORMAL CONTROL ASSAYED 10X1ML,COAGULATION,6.0
2025-12-15,Teaching Hospital - Anuradhapura,20006800,APTT RGT SYNTHASIL HEMOSIL,COAGULATION,5.0
2025-12-15,Teaching Hospital - Anuradhapura,8469810,PT RGT PT-FIBRINOGEN HS PLUS 5+5X8ML,COAGULATION,40.0
2025-11-25,Teaching Hospital - Anuradhapura,8469810,PT RGT PT-FIBRINOGEN HS PLUS 5+5X8ML,COAGULATION,18.0
2025-12-15,Teaching Hospital - Anuradhapura,OSR6107,ALT (ALANINE AMINOTRANSFERASE) IFCC REAGENT,BIOCHEMISTRY,14.0
2025-12-15,Teaching Hospital - Anuradhapura,OSR6104,ALP (ALKALINE PHOSPHATASE) REAGENT,BIOCHEMISTRY,8.0
2025-12-15,Teaching Hospital - Anuradhapura,OSR6121,GLUCOSE R1 4X25ML R2 4X12.5ML,BIOCHEMISTRY,2.0
2025-12-15,Teaching Hospital - Anuradhapura,OSR6116,CHOLESTEROL 4 X 22.5 ML R1,BIOCHEMISTRY,4.0
2025-12-15,Teaching Hospital - Anuradhapura,OSR60118,TRIG (TRIGLYCERIDES) REAGENT- 4 X 20 ML & 4 X 5 ML,BIOCHEMISTRY,7.0
2025-12-15,Teaching Hospital - Anuradhapura,OSR6187,HDL-CHOLESTEROL- R1 4X27 ML- R2 4X9 ML,BIOCHEMISTRY,12.0
2025-12-15,Teaching Hospital - Anuradhapura,OSR6134,UREA- R1 4 X 25 ML- R2 4 X 25 ML,BIOCHEMISTRY,5.0
2025-12-15,Teaching Hospital - Anuradhapura,OSR6109,AST (ASPARTATE AMINOTRANSFERASE) REAGENT R1 4X25ML/R2 4X25ML,BIOCHEMISTRY,13.0
2025-12-15,Teaching Hospital - Anuradhapura,66318,ISE REFERENCE- 4 X 1000 ML,BIOCHEMISTRY,13.0
2025-12-15,Teaching Hospital - Anuradhapura,66320,ISE BUFFER- 4 X 2000 ML,BIOCHEMISTRY,20.0
2025-12-15,Teaching Hospital - Anuradhapura,66319,ISE MID STANDARD- 4 X 2000 ML,BIOCHEMISTRY,20.0
2025-12-15,Teaching Hospital - Anuradhapura,OSR6122,INORGANIC PHOSPHOROUS- R1 4X15 ML- R2 4X15 ML,BIOCHEMISTRY,2.0
2025-12-15,Teaching Hospital - Anuradhapura,OSR61117,CALCIUM ARSENAZO- R1 4 X 29 ML,BIOCHEMISTRY,3.0
2025-12-15,Teaching Hospital - Anuradhapura,OSR6178,CREATININE- R1 4 X 51 ML- R2 4 X 51 ML,BIOCHEMISTRY,25.0
2025-12-10,Dr. Neville Fernando Teaching Hospital (NFTH),OSR6179,CK (NAC)- R1-1 4X22 ML- R1-2 4X4 ML- R2 4X6 ML,BIOCHEMISTRY,1.0
2025-12-10,Dr. Neville Fernando Teaching Hospital (NFTH),OSR6182,AMYLASE,BIOCHEMISTRY,1.0
2025-12-10,Dr. Neville Fernando Teaching Hospital (NFTH),OSR61205,UIBC,BIOCHEMISTRY,1.0
2025-12-05,Base Hospital - Akkaraipattu,26330089,GEM 3/3.5K BG/ISE/GL 300 TEST IQM PAK,BLOODGAS & ELECTROLYTE,3.0
2025-12-05,Base Hospital - Akkaraipattu,5508-IL,PRINTER PAPER,LOCAL-PURCHASE,2.0
2025-12-10,General Hospital (Teaching) Jaffna,5508-IL,PRINTER PAPER,LOCAL-PURCHASE,4.0
2025-12-10,General Hospital (Teaching) Jaffna,26330089,GEM 3/3.5K BG/ISE/GL 300 TEST IQM PAK,BLOODGAS & ELECTROLYTE,4.0
2025-12-10,General Hospital (Teaching) Jaffna,5508-IL,PRINTER PAPER,LOCAL-PURCHASE,2.0
2025-12-10,General Hospital (Teaching) Jaffna,26315089,GEM 3/3.5K BG/ISE/GL150 TEST IQM PAK,BLOODGAS & ELECTROLYTE,4.0
2025-12-10,Base Hospital - Balapitiya,26315089,GEM 3/3.5K BG/ISE/GL150 TEST IQM PAK,BLOODGAS & ELECTROLYTE,25.0
2025-12-10,General Hospital - Kalutara,26330089,GEM 3/3.5K BG/ISE/GL 300 TEST IQM PAK,BLOODGAS & ELECTROLYTE,6.0
2025-12-17,District General Hospital - Monaragala,ODR3021,SERUM PROTEIN MULTI CALIBRATOR (LEVEL 1-6) 1X2 ML,BIOCHEMISTRY,1.0
2025-12-17,District General Hospital - Monaragala,OSR6202,ALB(ALBUMIN)REAGENT 4X54ML,BIOCHEMISTRY,1.0
2025-12-17,District General Hospital - Monaragala,OSR6287,HDL-CHOLESTEROL R14X51.3 R2 4X17.1 ML,BIOCHEMISTRY,1.0
2025-12-17,District General Hospital - Monaragala,OSR6106,AMYLASE REAGENT- 4 X 40 ML,BIOCHEMISTRY,1.0
2025-12-11,Teaching Hospital - Karapitiya,26330089,GEM 3/3.5K BG/ISE/GL 300 TEST IQM PAK,BLOODGAS & ELECTROLYTE,12.0
2025-12-15,Teaching Hospital - Anuradhapura,OSR6132,TP (TOTAL PROTEIN) REAGENT- 4 X 25 ML & 4 X 25 ML,BIOCHEMISTRY,4.0
2025-12-15,Teaching Hospital - Anuradhapura,OSR6102,ALB (ALBUMIN) REAGENT- 4 X 29 ML,BIOCHEMISTRY,6.0
2025-12-15,Teaching Hospital - Anuradhapura,OSR61105,RF LATEX- R1 4 X 24 ML- R2 4 X 8 ML,BIOCHEMISTRY,2.0
2025-12-15,Teaching Hospital - Anuradhapura,OSR6164,CERULOPLASMIN,BIOCHEMISTRY,1.0
2025-12-15,Teaching Hospital - Anuradhapura,OSR6147,CRP- R1 4 X 14 ML- R2 4 X 6 ML,BIOCHEMISTRY,90.0
2025-12-15,Teaching Hospital - Anuradhapura,OSR6186,IRON- R1 4 X 15 ML- R2 4 X 15 ML,BIOCHEMISTRY,2.0
2025-12-15,Teaching Hospital - Anuradhapura,OSR61205,UIBC,BIOCHEMISTRY,4.0
2025-12-15,Teaching Hospital - Anuradhapura,OSR6128,LDH- R1 4 X 40 ML- R2 4 X 20 ML,BIOCHEMISTRY,2.0
2025-12-15,Teaching Hospital - Anuradhapura,OSR6189,MAGNESIUM- R1 4 X 40 ML,BIOCHEMISTRY,5.0
2025-12-15,Teaching Hospital - Anuradhapura,OSR6198,URIC ACID REAGENT- 4 X 30 ML & 4 X 12.5 ML,BIOCHEMISTRY,2.0
2025-12-15,Teaching Hospital - Anuradhapura,OSR6182,AMYLASE,BIOCHEMISTRY,6.0
2025-12-15,Teaching Hospital - Anuradhapura,OSR6020,GGT- R1 4 X 18 ML- R2 4 X 18 ML,BIOCHEMISTRY,6.0
2025-12-15,Teaching Hospital - Anuradhapura,OSR6211,DIRECT BILIRUBIN- R1 4X20 ML- R2 4X20 ML,BIOCHEMISTRY,2.0
2025-12-15,Teaching Hospital - Anuradhapura,OSR6112,TBIL (TOTAL BILIRUBIN) REAGENT,BIOCHEMISTRY,2.0
2025-12-12,Base Hospital - Mahiyanganaya,5508-IL,PRINTER PAPER,LOCAL-PURCHASE,6.0
2025-12-12,Base Hospital - Mahiyanganaya,26315089,GEM 3/3.5K BG/ISE/GL150 TEST IQM PAK,BLOODGAS & ELECTROLYTE,10.0
2025-12-12,Teaching Hospital - Anuradhapura,OSR6147,CRP- R1 4 X 14 ML- R2 4 X 6 ML,BIOCHEMISTRY,20.0
2025-12-16,Lady Ridgeway Hospital,20002400,EMULSION WASH-R ACL 9000-1L,COAGULATION,30.0
2025-12-16,Lady Ridgeway Hospital,0009832700,CRITICAL CARE/HEMOSIL CLEANING AGENT 80ML,COAGULATION,10.0
2025-12-16,Lady Ridgeway Hospital,6800000,ROTORS SET (4x25 ROTORS),COAGULATION,5.0
2025-12-16,Lady Ridgeway Hospital,20007700,HEMOSIL D-DIMER HS,COAGULATION,3.0
2025-12-18,Provincial General Hospital - Badulla,66315,ISE LOW/HIGH URINE STANDARD,BIOCHEMISTRY,1.0
2025-12-18,Provincial General Hospital - Badulla,OSR6189,MAGNESIUM- R1 4 X 40 ML,BIOCHEMISTRY,10.0
2025-12-18,Provincial General Hospital - Badulla,OSR6212,TBIL (TOTAL BILIRUBIN) REA- 4 X 40 ML & 4 X 40 ML,BIOCHEMISTRY,3.0
2025-12-18,Provincial General Hospital - Badulla,OSR61118,TRIG (TRIGLYCERIDES) REAGENT,BIOCHEMISTRY,3.0
2025-12-18,Provincial General Hospital - Badulla,OSR6202,ALB(ALBUMIN)REAGENT 4X54ML,BIOCHEMISTRY,5.0
2025-12-18,Provincial General Hospital - Badulla,OSR6170,URINARY/CSF PROTEIN- R1 4X19 ML- CALIBRATOR 1X3 ML,BIOCHEMISTRY,2.0
2025-12-18,Provincial General Hospital - Badulla,OSR6221,GLUCOSE- R1 4 X 53 ML- R2 4 X 27 ML,BIOCHEMISTRY,5.0
2025-12-18,Provincial General Hospital - Badulla,OSR6128,LDH- R1 4 X 40 ML- R2 4 X 20 ML,BIOCHEMISTRY,1.0
2025-12-18,Provincial General Hospital - Badulla,OSR6216,CHOLESTEROL 4X45 ML R1,BIOCHEMISTRY,2.0
2025-12-18,Provincial General Hospital - Badulla,66318,ISE REFERENCE- 4 X 1000 ML,BIOCHEMISTRY,3.0
2025-12-18,Provincial General Hospital - Badulla,66314,ISE INTERNAL REFERENCE- 2 X 25 ML,BIOCHEMISTRY,2.0
2025-12-18,Provincial General Hospital - Badulla,66039,CLEANING SOLUTION- 6 X 500 ML,BIOCHEMISTRY,1.0
2025-12-18,Provincial General Hospital - Badulla,MU919400,NA ELECTRODE AU480 ANALYZER,BIOCHEMISTRY,2.0
2025-12-18,Provincial General Hospital - Badulla,MU919500,K ELECTRODE AU480 ANALYZER,BIOCHEMISTRY,2.0
2025-12-18,Provincial General Hospital - Badulla,MU919600,CL ELECTRODE AU480 ANALYZER,BIOCHEMISTRY,2.0
2025-12-18,Provincial General Hospital - Badulla,MU919700,REFERENCE ELECTRODE AU480 ANALYZER,BIOCHEMISTRY,2.0
2025-12-18,Provincial General Hospital - Badulla,B64606,URINE CALIBRATOR,BIOCHEMISTRY,1.0
2025-12-18,Provincial General Hospital - Badulla,OSR6147,CRP- R1 4 X 14 ML- R2 4 X 6 ML,BIOCHEMISTRY,28.0
2025-12-18,Provincial General Hospital - Badulla,66313,ISE NA+/K+ SELECTIVITY CHECK- 2 X 25 ML,BIOCHEMISTRY,1.0
2025-12-18,Provincial General Hospital - Badulla,OSR6211,DIRECT BILIRUBIN- R1 4X20 ML- R2 4X20 ML,BIOCHEMISTRY,4.0
2025-12-18,Provincial General Hospital - Badulla,OSR6020,GGT- R1 4 X 18 ML- R2 4 X 18 ML,BIOCHEMISTRY,7.0
2025-12-18,Provincial General Hospital - Badulla,66317,ISE LOW SERUM STANDARD- 4 X 100 ML,BIOCHEMISTRY,1.0
2025-12-18,Provincial General Hospital - Badulla,66316,ISE HIGH SERUM STANDARD- 4 X 100 ML,BIOCHEMISTRY,1.0
2025-12-18,Provincial General Hospital - Badulla,66315,ISE LOW/HIGH URINE STANDARD,BIOCHEMISTRY,1.0
2025-12-18,Provincial General Hospital - Badulla,OSR6222,INORGANIC PHOSPHOROUS- R1 4X40 ML- R2 4X40 ML,BIOCHEMISTRY,2.0
2025-12-18,Provincial General Hospital - Badulla,OSR6187,HDL-CHOLESTEROL- R1 4X27 ML- R2 4X9 ML,BIOCHEMISTRY,12.0
2025-12-18,Provincial General Hospital - Badulla,ODC0011,HDL-CHOLESTEROL CALIBRATOR- 2 X 3 ML,BIOCHEMISTRY,4.0
2025-12-18,Provincial General Hospital - Badulla,ODC0012,LDL-CHOLESTEROL CALIBRATOR- 2 X 1 ML,BIOCHEMISTRY,4.0
2025-12-18,Provincial General Hospital - Badulla,OSR6179,CK (NAC)- R1-1 4X22 ML- R1-2 4X4 ML- R2 4X6 ML,BIOCHEMISTRY,3.0
2025-12-18,Provincial General Hospital - Badulla,OSR6183,LDL-CHOLESTEROL- R1 4X27 ML- R2 4X9 ML,BIOCHEMISTRY,3.0
2025-12-18,Provincial General Hospital - Badulla,OSR6234,UREA- R1 4 X 53 ML- R2 4 X 53 ML,BIOCHEMISTRY,4.0
2025-12-18,Provincial General Hospital - Badulla,OSR6198,URIC ACID REAGENT- 4 X 30 ML & 4 X 12.5 ML,BIOCHEMISTRY,2.0
2025-12-18,Provincial General Hospital - Badulla,OSR6178,CREATININE- R1 4 X 51 ML- R2 4 X 51 ML,BIOCHEMISTRY,10.0
2025-12-18,Provincial General Hospital - Badulla,OSR6107,ALT (ALANINE AMINOTRANSFERASE) IFCC REAGENT,BIOCHEMISTRY,7.0
2025-12-18,Provincial General Hospital - Badulla,OSR6209,AST (ASPARTATE AMINOTRANSFERASE) REAGENT,BIOCHEMISTRY,3.0
2025-12-18,Provincial General Hospital - Badulla,OSR6104,ALP (ALKALINE PHOSPHATASE) REAGENT,BIOCHEMISTRY,5.0
2025-12-18,Provincial General Hospital - Badulla,OSR6232,TP (TOTAL PROTEIN) REAGENT- 4 X 48 ML & 4 X 48 ML,BIOCHEMISTRY,2.0
2025-12-18,Provincial General Hospital - Badulla,OSR61117,CALCIUM ARSENAZO- R1 4 X 29 ML,BIOCHEMISTRY,3.0
2025-12-18,Provincial General Hospital - Badulla,ODC0004,CONTROL SERUM 2- 20 X 5 ML,BIOCHEMISTRY,2.0
2025-12-18,Provincial General Hospital - Badulla,ODC0003,CONTROL SERUM 1- 20 X 5 ML,BIOCHEMISTRY,2.0
2025-12-18,Provincial General Hospital - Badulla,ODR3021,SERUM PROTEIN MULTI CALIBRATOR (LEVEL 1-6) 1X2 ML,BIOCHEMISTRY,4.0
2025-12-18,Provincial General Hospital - Badulla,66300,SYSTEM CALIBRATOR- 20 X 5 ML,BIOCHEMISTRY,2.0
2025-12-18,Provincial General Hospital - Badulla,66319,ISE MID STANDARD- 4 X 2000 ML,BIOCHEMISTRY,10.0
2025-12-18,Provincial General Hospital - Badulla,66320,ISE BUFFER- 4 X 2000 ML,BIOCHEMISTRY,9.0
2025-12-18,Provincial General Hospital - Badulla,OSR0001,WASH SOLUTION- 6 X 2 L,BIOCHEMISTRY,12.0
2025-12-18,Provincial General Hospital - Badulla,OSR6106,AMYLASE REAGENT- 4 X 40 ML,BIOCHEMISTRY,3.0
2025-12-22,Base Hospital - Avissawella,26315089,GEM 3/3.5K BG/ISE/GL150 TEST IQM PAK,BLOODGAS & ELECTROLYTE,6.0
2025-12-22,General Hospital - Kalutara,8217000,HEPARIN CAPILLARIES (REF 105107) 2X100MM-100 PCS,BLOODGAS & ELECTROLYTE,10.0
2025-12-24,Teaching Hospital - Kurunagala,9758515,THROMBIN TIME KIT 90-370 TEST,COAGULATION,4.0
2025-12-24,Teaching Hospital - Kurunagala,20011800,FACTOR VIII DEF PLASMA HEMOSIL 10XML,COAGULATION,10.0
2025-12-24,Teaching Hospital - Kurunagala,00020301100,FIBRINOGEN-CLAUSS KIT HEMOSIL 10X2ML,COAGULATION,4.0
2025-12-24,Teaching Hospital - Kurunagala,20006800,APTT RGT SYNTHASIL HEMOSIL,COAGULATION,1.0
2025-12-24,Teaching Hospital - Kurunagala,8469810,PT RGT PT-FIBRINOGEN HS PLUS 5+5X8ML,COAGULATION,5.0
2025-12-24,Teaching Hospital - Kurunagala,20007400,APTT RGT SYNTHAFAX HEMOSIL,COAGULATION,5.0
2025-12-24,Teaching Hospital - Kurunagala,20002400,EMULSION WASH-R ACL 9000-1L,COAGULATION,50.0
2025-12-24,Teaching Hospital - Kurunagala,20011900,FACTOR IX DEF PLASMA HEMOSIL 10X1ML,COAGULATION,10.0
2025-12-24,Teaching Hospital - Kurunagala,00020003110,NORMAL CONTROL ASSAYED 10X1ML,COAGULATION,18.0
2025-12-24,Teaching Hospital - Kurunagala,9831700,CLEANING SOLUTION 500ML,COAGULATION,6.0
2025-12-24,Teaching Hospital - Kurunagala,6800000,ROTORS SET (4x25 ROTORS),COAGULATION,25.0
2025-12-24,Teaching Hospital - Kurunagala,20301600,LAC CONFIRM  10x2ML,COAGULATION,2.0
2025-12-24,Teaching Hospital - Kurunagala,20003700,CALIBRATION PLASMA HEMOSIL 10X1ML,COAGULATION,10.0
2025-12-24,Teaching Hospital - Kurunagala,9757600,FACTOR DILUENT 100ML,COAGULATION,2.0
2025-12-24,Teaching Hospital - Kurunagala,00006799200,SAMPLE CUPS 0.5ML (1000/PK),COAGULATION,2.0
2025-12-24,Teaching Hospital - Kurunagala,20301500,LAC SCREEN  10X2ML,COAGULATION,2.0
2025-12-24,Teaching Hospital - Kurunagala,00020003310,HIGH ABNORMAL CONTROL ASSAYED,COAGULATION,18.0
2025-12-23,Teaching Hospital - Colombo North,6800000,ROTORS SET (4x25 ROTORS),COAGULATION,8.0
2025-12-23,Teaching Hospital - Colombo North,20002400,EMULSION WASH-R ACL 9000-1L,COAGULATION,24.0
2025-12-23,Medical Research Institute ( MRI ),C48093,"FLOW CLEAN IVD, 500ML - EU",FLOWCYTOMETRY,2.0
2025-12-23,Medical Research Institute ( MRI ),8546859,ISOFLOW SHEATH FLUID( 1X 10 L ),FLOWCYTOMETRY,10.0
2025-12-23,Medical Research Institute ( MRI ),A11895,OPTI LYSE C200TESTS CE,FLOWCYTOMETRY,5.0
2025-12-23,Medical Research Institute ( MRI ),6605359,FLOWCHECK FLUOROSPHERES 3X10ML,FLOWCYTOMETRY,1.0
2025-12-23,Medical Research Institute ( MRI ),B96769,"CD64-APC-ALEXA FLUOR 750, 50 TESTS IVD CE",FLOWCYTOMETRY,1.0
2025-12-23,Medical Research Institute ( MRI ),B36294,"CD45-KROME ORANGE, 100 TESTS, IVD CE",FLOWCYTOMETRY,2.0
2025-12-23,Medical Research Institute ( MRI ),B49178,"ANTI-KAPPA-FITC, 100 TESTS, IVD CE",FLOWCYTOMETRY,1.0
2025-12-23,Medical Research Institute ( MRI ),A89314,CD235a,FLOWCYTOMETRY,1.0
2025-12-23,Medical Research Institute ( MRI ),B49187,CD59,FLOWCYTOMETRY,1.0
2025-12-23,Medical Research Institute ( MRI ),A21692,CD56-PC7 100T CE,FLOWCYTOMETRY,1.0
2025-12-23,Medical Research Institute ( MRI ),B10824,"CD4-APC-ALEXA FLUOR 700, 0.5ML ASR",FLOWCYTOMETRY,1.0
2025-12-23,Medical Research Institute ( MRI ),B49182,"CD8-PACIFIC BLUE, 50 TESTS, IVD CE",FLOWCYTOMETRY,1.0
2025-12-23,Medical Research Institute ( MRI ),A07791,FMC7-FITC 100T CE,FLOWCYTOMETRY,1.0
2025-12-23,Medical Research Institute ( MRI ),A32535,"CD123-PE, 2ML ASR",FLOWCYTOMETRY,1.0
2025-12-23,Medical Research Institute ( MRI ),B21445,"CD79B-PC5.5, 0.5ML ASR",FLOWCYTOMETRY,2.0
2025-12-23,Medical Research Institute ( MRI ),B06204,"CD103-APC, 0.5ML ASR",FLOWCYTOMETRY,2.0
2025-12-23,Medical Research Institute ( MRI ),B96754,"CD117-PC5.5, 50 TESTS IVD CE",FLOWCYTOMETRY,1.0
2025-12-23,Medical Research Institute ( MRI ),B49219,"CD138-APC, 50 TESTS, CE-IVD",FLOWCYTOMETRY,1.0
2025-12-23,Medical Research Institute ( MRI ),A07802,INTRAPREP PERMEAHILIZATION,FLOWCYTOMETRY,1.0
2025-12-23,Medical Research Institute ( MRI ),A07748,CD3 ECD,FLOWCYTOMETRY,1.0
2025-12-23,Medical Research Institute ( MRI ),A93689,"CD23-PACIFIC BLUE, 0.5ML ASR",FLOWCYTOMETRY,2.0
2025-12-23,Medical Research Institute ( MRI ),B49218,CD15,FLOWCYTOMETRY,2.0
2025-12-23,Medical Research Institute ( MRI ),B49174,"ANTI-LAMBDA-PE, 100 TESTS, IVD CE",FLOWCYTOMETRY,1.0
2025-12-23,Medical Research Institute ( MRI ),B23133,CD24,FLOWCYTOMETRY,2.0
2025-12-23,Medical Research Institute ( MRI ),B92391,"CD14-ECD, 100T CE",FLOWCYTOMETRY,1.0
2025-12-23,Medical Research Institute ( MRI ),A07770,CD19-ECD 100T IVD CE,FLOWCYTOMETRY,2.0
2025-12-23,Medical Research Institute ( MRI ),B49191,"CD5-PC5.5, 50 TESTS, CE-IVD",FLOWCYTOMETRY,2.0
2025-12-23,Medical Research Institute ( MRI ),B49200,"CD38-APC-ALEXA FLOUR 750, 50 TESTS, IVD CE",FLOWCYTOMETRY,2.0
2025-12-23,Medical Research Institute ( MRI ),B92472,"CD200-PC7, 50T IVD CE",FLOWCYTOMETRY,2.0
2025-12-23,Medical Research Institute ( MRI ),B92400,"CD10-APC, 100T IVD CE",FLOWCYTOMETRY,1.0
2025-12-26,District General Hospital - Matale,26315089,GEM 3/3.5K BG/ISE/GL150 TEST IQM PAK,BLOODGAS & ELECTROLYTE,18.0
2025-12-24,National Hospital of Sri Lanka,66319,ISE MID STANDARD- 4 X 2000 ML,BIOCHEMISTRY,20.0
2025-12-24,National Hospital of Sri Lanka,OSR61105,RF LATEX- R1 4 X 24 ML- R2 4 X 8 ML,BIOCHEMISTRY,2.0
2025-12-24,National Hospital of Sri Lanka,OSR61205,UIBC,BIOCHEMISTRY,4.0
2025-12-24,National Hospital of Sri Lanka,OSR6160,C4 (COMPEMENT 4),BIOCHEMISTRY,1.0
2025-12-24,National Hospital of Sri Lanka,OSR6159,C3(COMPLEMENT 3),BIOCHEMISTRY,1.0
2025-12-24,National Hospital of Sri Lanka,OSR6186,IRON- R1 4 X 15 ML- R2 4 X 15 ML,BIOCHEMISTRY,6.0
2025-12-24,National Hospital of Sri Lanka,OSR6102,ALB (ALBUMIN) REAGENT- 4 X 29 ML,BIOCHEMISTRY,9.0
2025-12-24,National Hospital of Sri Lanka,OSR6198,URIC ACID REAGENT- 4 X 30 ML & 4 X 12.5 ML,BIOCHEMISTRY,2.0
2025-12-24,National Hospital of Sri Lanka,OSR6134,UREA- R1 4 X 25 ML- R2 4 X 25 ML,BIOCHEMISTRY,3.0
2025-12-24,National Hospital of Sri Lanka,OSR60135,D-DIMER REAGENT,BIOCHEMISTRY,2.0
2025-12-24,National Hospital of Sri Lanka,OSR6132,TP (TOTAL PROTEIN) REAGENT- 4 X 25 ML & 4 X 25 ML,BIOCHEMISTRY,5.0
2025-12-24,National Hospital of Sri Lanka,OSR6122,INORGANIC PHOSPHOROUS- R1 4X15 ML- R2 4X15 ML,BIOCHEMISTRY,3.0
2025-12-24,National Hospital of Sri Lanka,OSR60117,CALCIUM ARSENAZO- R1 4 X 15 ML,BIOCHEMISTRY,5.0
2025-12-24,National Hospital of Sri Lanka,OSR6109,AST (ASPARTATE AMINOTRANSFERASE) REAGENT R1 4X25ML/R2 4X25ML,BIOCHEMISTRY,25.0
2025-12-24,National Hospital of Sri Lanka,OSR6107,ALT (ALANINE AMINOTRANSFERASE) IFCC REAGENT,BIOCHEMISTRY,25.0
2025-12-24,National Hospital of Sri Lanka,OSR6104,ALP (ALKALINE PHOSPHATASE) REAGENT,BIOCHEMISTRY,3.0
2025-12-24,National Hospital of Sri Lanka,OSR6020,GGT- R1 4 X 18 ML- R2 4 X 18 ML,BIOCHEMISTRY,2.0
2025-12-24,National Hospital of Sri Lanka,OSR6179,CK (NAC)- R1-1 4X22 ML- R1-2 4X4 ML- R2 4X6 ML,BIOCHEMISTRY,5.0
2025-12-24,National Hospital of Sri Lanka,OSR6178,CREATININE- R1 4 X 51 ML- R2 4 X 51 ML,BIOCHEMISTRY,6.0
2025-12-24,National Hospital of Sri Lanka,OSR6147,CRP- R1 4 X 14 ML- R2 4 X 6 ML,BIOCHEMISTRY,90.0
2025-12-24,National Hospital of Sri Lanka,OSR6212,TBIL (TOTAL BILIRUBIN) REA- 4 X 40 ML & 4 X 40 ML,BIOCHEMISTRY,18.0
2025-12-24,National Hospital of Sri Lanka,OSR6211,DIRECT BILIRUBIN- R1 4X20 ML- R2 4X20 ML,BIOCHEMISTRY,6.0
2025-12-24,National Hospital of Sri Lanka,OSR6006,AMYLASE REAGENT- 4 X 10 ML,BIOCHEMISTRY,5.0
2025-12-24,National Hospital of Sri Lanka,OSR6121,GLUCOSE R1 4X25ML R2 4X12.5ML,BIOCHEMISTRY,4.0
2025-12-24,National Hospital of Sri Lanka,66039,CLEANING SOLUTION- 6 X 450 ML,BIOCHEMISTRY,2.0
2025-12-24,National Hospital of Sri Lanka,OSR6116,CHOLESTEROL 4 X 22.5 ML R1,BIOCHEMISTRY,2.0
2025-12-24,National Hospital of Sri Lanka,OSR0001,WASH SOLUTION- 6 X 2 L,BIOCHEMISTRY,4.0
2025-12-24,National Hospital of Sri Lanka,66318,ISE REFERENCE- 4 X 1000 ML,BIOCHEMISTRY,4.0
2025-12-24,National Hospital of Sri Lanka,OSR6187,HDL-CHOLESTEROL- R1 4X27 ML- R2 4X9 ML,BIOCHEMISTRY,3.0
2025-12-24,National Hospital of Sri Lanka,OSR60118,TRIG (TRIGLYCERIDES) REAGENT- 4 X 20 ML & 4 X 5 ML,BIOCHEMISTRY,2.0
2025-12-24,National Hospital of Sri Lanka,OSR6189,MAGNESIUM- R1 4 X 40 ML,BIOCHEMISTRY,6.0
2025-12-24,National Hospital of Sri Lanka,66320,ISE BUFFER- 4 X 2000 ML,BIOCHEMISTRY,12.0
2025-12-24,National Hospital of Sri Lanka,B38858,URINE CSF ALBUMIN,BIOCHEMISTRY,1.0
2025-12-24,National Hospital of Sri Lanka,B38859,URINE/CSF ALBUMIN CALIBRATOR,BIOCHEMISTRY,1.0
2025-12-24,National Hospital of Sri Lanka,66317,ISE LOW SERUM STANDARD- 4 X 100 ML,BIOCHEMISTRY,1.0
2025-12-24,National Hospital of Sri Lanka,66316,ISE HIGH SERUM STANDARD- 4 X 100 ML,BIOCHEMISTRY,1.0
2025-12-24,National Hospital of Sri Lanka,ODR3021,SERUM PROTEIN MULTI CALIBRATOR (LEVEL 1-6) 1X2 ML,BIOCHEMISTRY,2.0
2025-12-24,National Hospital of Sri Lanka,ODC0028,RF LATEX CALIBRATOR (LEVEL 1-5) 1X1 ML,BIOCHEMISTRY,1.0
2025-12-24,National Hospital of Sri Lanka,ODC0016,ITA CONTROL SERUM 3- 6 X 2 ML,BIOCHEMISTRY,1.0
2025-12-24,National Hospital of Sri Lanka,ODC0015,ITA CONTROL SERUM 2- 6 X 2 ML,BIOCHEMISTRY,1.0
2025-12-24,National Hospital of Sri Lanka,ODC0014,ITA CONTROL SERUM 1- 6 X 2 ML,BIOCHEMISTRY,1.0
2025-12-24,National Hospital of Sri Lanka,ODC0011,HDL-CHOLESTEROL CALIBRATOR- 2 X 3 ML,BIOCHEMISTRY,1.0
2025-12-24,National Hospital of Sri Lanka,66300,SYSTEM CALIBRATOR- 20 X 5 ML,BIOCHEMISTRY,4.0
2025-12-24,National Hospital of Sri Lanka,MU919700,REFERENCE ELECTRODE AU480 ANALYZER,BIOCHEMISTRY,1.0
2025-12-24,National Hospital of Sri Lanka,ODR3033,D-DIMER CALIBRATOR,BIOCHEMISTRY,1.0
2025-12-24,National Hospital of Sri Lanka,ODC0029,D-DIMER CONTROL,BIOCHEMISTRY,1.0
2025-12-24,National Hospital of Sri Lanka,B64606,URINE CALIBRATOR,BIOCHEMISTRY,1.0
2025-12-24,National Hospital of Sri Lanka,MU919500,K ELECTRODE AU480 ANALYZER,BIOCHEMISTRY,2.0
2025-12-24,National Hospital of Sri Lanka,MU919400,NA ELECTRODE AU480 ANALYZER,BIOCHEMISTRY,2.0
2025-12-24,National Hospital of Sri Lanka,66313,ISE NA+/K+ SELECTIVITY CHECK- 2 X 25 ML,BIOCHEMISTRY,1.0
2025-12-24,National Hospital of Sri Lanka,66315,ISE LOW/HIGH URINE STANDARD,BIOCHEMISTRY,1.0
2025-12-29,Base Hospital - Point Pedro,00006799200,SAMPLE CUPS 0.5ML (1000/PK),COAGULATION,1.0
2025-12-29,Base Hospital - Point Pedro,81902,SAMPLE CUPS- 2.0 ML/13 MM- 1 BAG,IMMUNOLOGY,1.0
2025-12-29,Base Hospital - Point Pedro,A16792,WASH BUFFER II- ACCESS®- 4 BOTTLES- 1.9 L/BOTTLE,IMMUNOLOGY,2.0
2025-12-29,Base Hospital - Point Pedro,MU919500,K ELECTRODE AU480 ANALYZER,BIOCHEMISTRY,1.0
2025-12-29,Base Hospital - Point Pedro,MU919400,NA ELECTRODE AU480 ANALYZER,BIOCHEMISTRY,1.0
2025-12-29,Base Hospital - Point Pedro,ODC0005,HDL/LDL CHOLESTEROL CONTROL SERUM,BIOCHEMISTRY,1.0
2025-12-26,General Hospital (Teaching) Kandy,20006800,APTT RGT SYNTHASIL HEMOSIL,COAGULATION,12.0
2025-12-26,General Hospital (Teaching) Kandy,9758515,"THROMBIN TIME KIT 90-370 TEST(1X9ML,4X2,5,8 ML)",COAGULATION,1.0
2025-12-26,General Hospital (Teaching) Kandy,20002700,FREE PROTEIN S 75 TESTS,IL-COAGULATION-REAGENT-CSD,1.0
2025-12-26,General Hospital (Teaching) Kandy,6800000,ROTORS SET (4x25 ROTORS),COAGULATION,18.0
2025-12-26,General Hospital (Teaching) Kandy,9831700,CLEANING SOLUTION 500ML,COAGULATION,2.0
2025-12-26,General Hospital (Teaching) Kandy,0009832700,CRITICAL CARE/HEMOSIL CLEANING AGENT 80ML,COAGULATION,1.0
2025-12-26,General Hospital (Teaching) Kandy,20002400,EMULSION WASH-R ACL 9000-1L,COAGULATION,36.0
2025-12-26,National Hospital of Sri Lanka,29400100,"CUVETTES (2400 CUVETTES-600 STRIPS,4CUVETTES/STRIP)",COAGULATION,5.0
2025-12-26,National Hospital of Sri Lanka,0009832700,CRITICAL CARE/HEMOSIL CLEANING AGENT 80ML,COAGULATION,15.0
2025-12-26,National Hospital of Sri Lanka,9831700,CLEANING SOLUTION 500ML,COAGULATION,15.0
2025-12-29,De Soysa Hospital for Women,5508-IL,PRINTER PAPER,LOCAL-PURCHASE,3.0
2025-12-31,District General Hospital - Hambanthota,26315089,GEM 3/3.5K BG/ISE/GL150 TEST IQM PAK,BLOODGAS & ELECTROLYTE,6.0
2025-12-31,District General Hospital - Hambanthota,5508-IL,PRINTER PAPER,LOCAL-PURCHASE,2.0
2026-01-02,District General Hospital - Monaragala,OSR6221,GLUCOSE- R1 4 X 53 ML- R2 4 X 27 ML,BIOCHEMISTRY,2.0
2026-01-02,District General Hospital - Monaragala,OSR6234,UREA- R1 4 X 53 ML- R2 4 X 53 ML,BIOCHEMISTRY,1.0
2026-01-02,District General Hospital - Monaragala,OSR6107,ALT (ALANINE AMINOTRANSFERASE) IFCC REAGENT,BIOCHEMISTRY,2.0
2026-01-02,District General Hospital - Monaragala,OSR6147,CRP- R1 4 X 14 ML- R2 4 X 6 ML,BIOCHEMISTRY,10.0
2026-01-02,District General Hospital - Monaragala,OSR6209,AST (ASPARTATE AMINOTRANSFERASE) REAGENT(R1 4X50ML R2 4X50ML),BIOCHEMISTRY,1.0
2026-01-02,District General Hospital - Monaragala,OSR6178,CREATININE- R1 4 X 51 ML- R2 4 X 51 ML,BIOCHEMISTRY,3.0
2026-01-02,District General Hospital - Monaragala,OSR6287,HDL-CHOLESTEROL R14X51.3 R2 4X17.1 ML,BIOCHEMISTRY,1.0
2026-01-02,District General Hospital - Monaragala,OSR6216,CHOLESTEROL 4X45 ML R1,BIOCHEMISTRY,1.0
2026-01-02,District General Hospital - Monaragala,OSR6211,DIRECT BILIRUBIN- R1 4X20 ML- R2 4X20 ML,BIOCHEMISTRY,1.0
2026-01-02,District General Hospital - Monaragala,OSR6232,TP (TOTAL PROTEIN) REAGENT- 4 X 48 ML & 4 X 48 ML,BIOCHEMISTRY,1.0
2026-01-02,District General Hospital - Monaragala,OSR6120,"GGT R1 4x40 ML,R2 4x40 ML",BIOCHEMISTRY,1.0
2025-12-26,General Hospital - Kalutara,26307589,GEM 3/3.5K BG/ISE/GL075 TEST IQM PAK,BLOODGAS & ELECTROLYTE,3.0
2025-12-31,Lady Ridgeway Hospital,9758515,"THROMBIN TIME KIT 90-370 TEST(1X9ML,4X2,5,8 ML)",COAGULATION,1.0
2025-12-31,Lady Ridgeway Hospital,00020301100,FIBRINOGEN-CLAUSS KIT HEMOSIL 10X2ML,COAGULATION,1.0
2025-12-31,Lady Ridgeway Hospital,00020011500,FACTOR V DEFCIENT PLASMA,COAGULATION,1.0
2025-12-31,Lady Ridgeway Hospital,00020011700,FACTOR VII DEFCIENT PLASMA,COAGULATION,1.0
2025-12-31,Lady Ridgeway Hospital,20012200,FACTOR II DEFICIENT PLASMA HEMOSIL,COAGULATION,1.0
2025-12-31,Lady Ridgeway Hospital,20002300,VON WILLEBRAND FACTOR ANTIGEN,COAGULATION,1.0
2026-01-07,Medical Research Institute ( MRI ),00020003310,HIGH ABNORMAL CONTROL ASSAYED,COAGULATION,32.0
2026-01-07,Medical Research Institute ( MRI ),00020003110,NORMAL CONTROL ASSAYED 10X1ML,COAGULATION,32.0
2026-01-02,Medical Research Institute ( MRI ),20012000,CONTROL SPECIAL TEST 2 HEMOSIL 10x1 ML,COAGULATION,2.0
2026-01-02,Medical Research Institute ( MRI ),00020004700,VON WILLEBRAND FACTOR ACTIVITY,COAGULATION,4.0
2026-01-02,Medical Research Institute ( MRI ),00020003110,NORMAL CONTROL ASSAYED 10X1ML,COAGULATION,2.0
2026-01-02,Medical Research Institute ( MRI ),20003700,CALIBRATION PLASMA HEMOSIL 10X1ML,COAGULATION,2.0
2026-01-02,Medical Research Institute ( MRI ),20002300,VON WILLEBRAND FACTOR ANTIGEN,COAGULATION,4.0
2026-01-02,Medical Research Institute ( MRI ),20011000,HEMOSIL SPECIAL TEST CONTROL LEVEL 1 10X1ML,COAGULATION,2.0
2026-01-02,Medical Research Institute ( MRI ),6800000,ROTORS SET (4x25 ROTORS),COAGULATION,2.0
2026-01-02,Medical Research Institute ( MRI ),9757600,FACTOR DILUENT 100ML,COAGULATION,2.0
2026-01-02,Medical Research Institute ( MRI ),0009832700,CRITICAL CARE/HEMOSIL CLEANING AGENT 80ML,COAGULATION,2.0
2026-01-02,Medical Research Institute ( MRI ),9831700,CLEANING SOLUTION 500ML,COAGULATION,1.0
2026-01-02,Medical Research Institute ( MRI ),20002400,EMULSION WASH-R ACL 9000-1L,COAGULATION,5.0
2026-01-02,Medical Research Institute ( MRI ),20006800,APTT RGT SYNTHASIL HEMOSIL,COAGULATION,2.0
2026-01-02,Medical Research Institute ( MRI ),8469810,PT RGT PT-FIBRINOGEN HS PLUS 5+5X8ML,COAGULATION,2.0
2026-01-02,Medical Research Institute ( MRI ),00020011300,FACTOR XI DEFCIENT PLASMA,COAGULATION,1.0
2026-01-02,Medical Research Institute ( MRI ),20011900,FACTOR IX DEF PLASMA HEMOSIL 10X1ML,COAGULATION,1.0
2026-01-02,Medical Research Institute ( MRI ),20011800,FACTOR VIII DEF PLASMA HEMOSIL 10XML,COAGULATION,2.0
2026-01-15,District General Hospital - Embilipitiya,5508-IL,PRINTER PAPER,LOCAL-PURCHASE,2.0
2026-01-15,District General Hospital - Embilipitiya,26330089,GEM 3/3.5K BG/ISE/GL 300 TEST IQM PAK,BLOODGAS & ELECTROLYTE,3.0
2026-01-15,District General Hospital - Embilipitiya,5508-IL,PRINTER PAPER,LOCAL-PURCHASE,7.0
2026-01-15,District General Hospital - Embilipitiya,26330089,GEM 3/3.5K BG/ISE/GL 300 TEST IQM PAK,BLOODGAS & ELECTROLYTE,8.0
2026-01-05,Base Hospital - Kanthalai,26330089,GEM 3/3.5K BG/ISE/GL 300 TEST IQM PAK,BLOODGAS & ELECTROLYTE,7.0
2026-01-06,Base Hospital - Wathupitiwala,8217000,HEPARIN CAPILLARIES (REF 105107) 2X100MM-100 PCS,BLOODGAS & ELECTROLYTE,5.0
2026-01-06,De Soysa Hospital for Women,66319,ISE MID STANDARD- 4 X 2000 ML,BIOCHEMISTRY,10.0
2026-01-06,De Soysa Hospital for Women,OSR0001,WASH SOLUTION- 6 X 2 L,BIOCHEMISTRY,1.0
2026-01-06,De Soysa Hospital for Women,OSR6132,TP (TOTAL PROTEIN) REAGENT- 4 X 25 ML & 4 X 25 ML,BIOCHEMISTRY,2.0
2026-01-06,De Soysa Hospital for Women,66320,ISE BUFFER- 4 X 2000 ML,BIOCHEMISTRY,6.0
2026-01-06,De Soysa Hospital for Women,66316,ISE HIGH SERUM STANDARD- 4 X 100 ML,BIOCHEMISTRY,1.0
2026-01-06,De Soysa Hospital for Women,66300,SYSTEM CALIBRATOR- 20 X 5 ML,BIOCHEMISTRY,1.0
2026-01-06,De Soysa Hospital for Women,ODR3021,SERUM PROTEIN MULTI CALIBRATOR (LEVEL 1-6) 1X2 ML,BIOCHEMISTRY,1.0
2026-01-06,De Soysa Hospital for Women,OSR6211,DIRECT BILIRUBIN- R1 4X20 ML- R2 4X20 ML,BIOCHEMISTRY,3.0
2026-01-06,De Soysa Hospital for Women,66318,ISE REFERENCE- 4 X 1000 ML,BIOCHEMISTRY,1.0
2026-01-06,De Soysa Hospital for Women,MU919700,REFERENCE ELECTRODE AU480 ANALYZER,BIOCHEMISTRY,1.0
2026-01-06,De Soysa Hospital for Women,ODC0016,ITA CONTROL SERUM 3- 6 X 2 ML,BIOCHEMISTRY,1.0
2026-01-06,De Soysa Hospital for Women,ODC0015,ITA CONTROL SERUM 2- 6 X 2 ML,BIOCHEMISTRY,1.0
2026-01-06,De Soysa Hospital for Women,OSR6189,MAGNESIUM- R1 4 X 40 ML,BIOCHEMISTRY,3.0
2026-01-06,De Soysa Hospital for Women,ODC0014,ITA CONTROL SERUM 1- 6 X 2 ML,BIOCHEMISTRY,1.0
2026-01-06,De Soysa Hospital for Women,OSR6209,AST (ASPARTATE AMINOTRANSFERASE) REAGENT(R1 4X50ML R2 4X50ML),BIOCHEMISTRY,2.0
2026-01-06,De Soysa Hospital for Women,OSR6107,ALT (ALANINE AMINOTRANSFERASE) IFCC REAGENT,BIOCHEMISTRY,4.0
2026-01-06,De Soysa Hospital for Women,OSR6134,UREA- R1 4 X 25 ML- R2 4 X 25 ML,BIOCHEMISTRY,2.0
2026-01-06,De Soysa Hospital for Women,OSR6102,ALB (ALBUMIN) REAGENT- 4 X 29 ML,BIOCHEMISTRY,2.0
2026-01-06,De Soysa Hospital for Women,OSR6147,CRP- R1 4 X 14 ML- R2 4 X 6 ML,BIOCHEMISTRY,5.0
2026-01-06,De Soysa Hospital for Women,OSR6104,ALP (ALKALINE PHOSPHATASE) REAGENT,BIOCHEMISTRY,1.0
2026-01-06,De Soysa Hospital for Women,OSR6212,TBIL (TOTAL BILIRUBIN) REA- 4 X 40 ML & 4 X 40 ML,BIOCHEMISTRY,2.0
2026-01-06,De Soysa Hospital for Women,OSR6106,AMYLASE REAGENT- 4 X 40 ML,BIOCHEMISTRY,1.0
2026-01-05,Teaching Hospital - Kurunagala,5508-IL,PRINTER PAPER,LOCAL-PURCHASE,5.0
2026-01-05,Teaching Hospital - Kurunagala,26330089,GEM 3/3.5K BG/ISE/GL 300 TEST IQM PAK,BLOODGAS & ELECTROLYTE,5.0
2025-12-30,R.D.H.S - Jaffna,26307589,GEM 3/3.5K BG/ISE/GL075 TEST IQM PAK,BLOODGAS & ELECTROLYTE,15.0
2026-01-08,Teaching Hospital Colombo South,OSR6211,DIRECT BILIRUBIN- R1 4X20 ML- R2 4X20 ML,BIOCHEMISTRY,9.0
2026-01-08,Teaching Hospital Colombo South,OSR6120,GGT,BIOCHEMISTRY,3.0
2026-01-08,Teaching Hospital Colombo South,OSR6132,TP (TOTAL PROTEIN) REAGENT- 4 X 25 ML & 4 X 25 ML,BIOCHEMISTRY,4.0
2026-01-08,Teaching Hospital Colombo South,OSR6202,ALB(ALBUMIN)REAGENT 4X54ML,BIOCHEMISTRY,5.0
2026-01-08,Teaching Hospital Colombo South,OSR6189,MAGNESIUM- R1 4 X 40 ML,BIOCHEMISTRY,4.0
2026-01-08,Teaching Hospital Colombo South,OSR6216,CHOLESTEROL 4X45 ML R1,BIOCHEMISTRY,1.0
2026-01-08,Teaching Hospital Colombo South,OSR6287,HDL-CHOLESTEROL R14X51.3 R2 4X17.1 ML,BIOCHEMISTRY,4.0
2026-01-08,Teaching Hospital Colombo South,OSR61118,TRIG (TRIGLYCERIDES) REAGENT,BIOCHEMISTRY,3.0
2026-01-08,Teaching Hospital Colombo South,OSR6122,INORGANIC PHOSPHOROUS- R1 4X15 ML- R2 4X15 ML,BIOCHEMISTRY,3.0
2026-01-08,Teaching Hospital Colombo South,OSR6104,ALP (ALKALINE PHOSPHATASE) REAGENT,BIOCHEMISTRY,2.0
2026-01-08,Teaching Hospital Colombo South,OSR6106,AMYLASE REAGENT- 4 X 40 ML,BIOCHEMISTRY,3.0
2026-01-08,Teaching Hospital Colombo South,OSR6186,IRON- R1 4 X 15 ML- R2 4 X 15 ML,BIOCHEMISTRY,3.0
2026-01-08,Teaching Hospital Colombo South,66039,CLEANING SOLUTION- 6 X 450 ML,BIOCHEMISTRY,1.0
2026-01-08,Teaching Hospital Colombo South,OSR0001,WASH SOLUTION- 6 X 2 L,BIOCHEMISTRY,5.0
2026-01-08,Teaching Hospital Colombo South,MU919600,CL ELECTRODE AU480 ANALYZER,BIOCHEMISTRY,1.0
2026-01-08,Teaching Hospital Colombo South,MU919500,K ELECTRODE AU480 ANALYZER,BIOCHEMISTRY,1.0
2026-01-08,Teaching Hospital Colombo South,MU919400,NA ELECTRODE AU480 ANALYZER,BIOCHEMISTRY,1.0
2026-01-08,Teaching Hospital Colombo South,66315,ISE LOW/HIGH URINE STANDARD,BIOCHEMISTRY,1.0
2026-01-08,Teaching Hospital Colombo South,66318,ISE REFERENCE- 4 X 1000 ML,BIOCHEMISTRY,1.0
2026-01-08,Teaching Hospital Colombo South,OSR61205,UIBC,BIOCHEMISTRY,3.0
2026-01-08,Teaching Hospital Colombo South,OSR6279,CK-NAC,BIOCHEMISTRY,1.0
2026-01-08,Teaching Hospital Colombo South,66319,ISE MID STANDARD- 4 X 2000 ML,BIOCHEMISTRY,6.0
2026-01-08,Teaching Hospital Colombo South,OSR6198,URIC ACID REAGENT- 4 X 30 ML & 4 X 12.5 ML,BIOCHEMISTRY,2.0
2026-01-08,Teaching Hospital Colombo South,OSR6126,LDH,BIOCHEMISTRY,1.0
2026-01-08,Teaching Hospital Colombo South,OSR6170,URINARY/CSF PROTEIN- R1 4X19 ML- CALIBRATOR 1X3 ML,BIOCHEMISTRY,3.0
2026-01-08,Teaching Hospital Colombo South,OSR6147,CRP- R1 4 X 14 ML- R2 4 X 6 ML,BIOCHEMISTRY,30.0
2026-01-08,Teaching Hospital Colombo South,66320,ISE BUFFER- 4 X 2000 ML,BIOCHEMISTRY,4.0
2026-01-08,Teaching Hospital Colombo South,ODC0016,ITA CONTROL SERUM 3- 6 X 2 ML,BIOCHEMISTRY,3.0
2026-01-08,Teaching Hospital Colombo South,ODC0015,ITA CONTROL SERUM 2- 6 X 2 ML,BIOCHEMISTRY,3.0
2026-01-08,Teaching Hospital Colombo South,OSR6221,GLUCOSE- R1 4 X 53 ML- R2 4 X 27 ML,BIOCHEMISTRY,5.0
2026-01-08,Teaching Hospital Colombo South,ODR3021,SERUM PROTEIN MULTI CALIBRATOR (LEVEL 1-6) 1X2 ML,BIOCHEMISTRY,1.0
2026-01-08,Teaching Hospital Colombo South,OSR6234,UREA- R1 4 X 53 ML- R2 4 X 53 ML,BIOCHEMISTRY,10.0
2026-01-08,Teaching Hospital Colombo South,ODC0011,HDL-CHOLESTEROL CALIBRATOR- 2 X 3 ML,BIOCHEMISTRY,1.0
2026-01-08,Teaching Hospital Colombo South,66300,SYSTEM CALIBRATOR- 20 X 5 ML,BIOCHEMISTRY,1.0
2026-01-08,Teaching Hospital Colombo South,OSR6178,CREATININE- R1 4 X 51 ML- R2 4 X 51 ML,BIOCHEMISTRY,20.0
2026-01-08,Teaching Hospital Colombo South,OSR6107,ALT (ALANINE AMINOTRANSFERASE) IFCC REAGENT,BIOCHEMISTRY,11.0
2026-01-08,Teaching Hospital Colombo South,OSR6212,TBIL (TOTAL BILIRUBIN) REA- 4 X 40 ML & 4 X 40 ML,BIOCHEMISTRY,6.0
2026-01-08,Teaching Hospital Colombo South,OSR6109,AST (ASPARTATE AMINOTRANSFERASE) REAGENT R1 4X25ML/R2 4X25ML,BIOCHEMISTRY,8.0
2026-01-08,Lady Ridgeway Hospital,26330089,GEM 3/3.5K BG/ISE/GL 300 TEST IQM PAK,BLOODGAS & ELECTROLYTE,2.0
2026-01-08,Lady Ridgeway Hospital,5508-IL,PRINTER PAPER,LOCAL-PURCHASE,2.0
2026-01-08,Base Hospital - Dambulla,26330089,GEM 3/3.5K BG/ISE/GL 300 TEST IQM PAK,BLOODGAS & ELECTROLYTE,2.0
2026-01-09,District General Hospital - Nawalapitiya,5508-IL,PRINTER PAPER,LOCAL-PURCHASE,12.0
2026-01-09,District General Hospital - Nawalapitiya,26330089,GEM 3/3.5K BG/ISE/GL 300 TEST IQM PAK,BLOODGAS & ELECTROLYTE,6.0
2026-01-08,Provincial General Hospital - Rathnapura,5508-IL,PRINTER PAPER,LOCAL-PURCHASE,6.0
2026-01-14,Teaching Hospital - Anuradhapura,00006799200,SAMPLE CUPS 0.5ML (1000/PK),COAGULATION,1.0
2026-01-14,Teaching Hospital - Anuradhapura,OSR6147,CRP- R1 4 X 14 ML- R2 4 X 6 ML,BIOCHEMISTRY,20.0
2026-01-12,Base Hospital - Tellippalai,26307589,GEM 3/3.5K BG/ISE/GL075 TEST IQM PAK,BLOODGAS & ELECTROLYTE,15.0
2026-01-12,Base Hospital - Tellippalai,5508-IL,PRINTER PAPER,LOCAL-PURCHASE,2.0
2026-01-09,District General Hospital - Mannar,5508-IL,PRINTER PAPER,LOCAL-PURCHASE,4.0
2026-01-09,District General Hospital - Mannar,26315089,GEM 3/3.5K BG/ISE/GL150 TEST IQM PAK,BLOODGAS & ELECTROLYTE,8.0
2026-01-09,District General Hospital - Matara,ODC0016,ITA CONTROL SERUM 3- 6 X 2 ML,BIOCHEMISTRY,1.0
2026-01-09,District General Hospital - Matara,MU919600,CL ELECTRODE AU480 ANALYZER,BIOCHEMISTRY,1.0
2026-01-09,District General Hospital - Matara,ODC0015,ITA CONTROL SERUM 2- 6 X 2 ML,BIOCHEMISTRY,1.0
2026-01-09,District General Hospital - Matara,OSR6212,TBIL (TOTAL BILIRUBIN) REA- 4 X 40 ML & 4 X 40 ML,BIOCHEMISTRY,1.0
2026-01-09,District General Hospital - Matara,B38858,URINE CSF ALBUMIN,BIOCHEMISTRY,4.0
2026-01-09,District General Hospital - Matara,OSR6132,TP (TOTAL PROTEIN) REAGENT- 4 X 25 ML & 4 X 25 ML,BIOCHEMISTRY,1.0
2026-01-09,District General Hospital - Matara,OSR6189,MAGNESIUM- R1 4 X 40 ML,BIOCHEMISTRY,3.0
2026-01-09,District General Hospital - Matara,OSR6234,UREA- R1 4 X 53 ML- R2 4 X 53 ML,BIOCHEMISTRY,4.0
2026-01-09,District General Hospital - Matara,OSR6102,ALB (ALBUMIN) REAGENT- 4 X 29 ML,BIOCHEMISTRY,3.0
2026-01-09,District General Hospital - Matara,OSR61105,RF LATEX- R1 4 X 24 ML- R2 4 X 8 ML,BIOCHEMISTRY,1.0
2026-01-09,District General Hospital - Matara,OSR6147,CRP- R1 4 X 14 ML- R2 4 X 6 ML,BIOCHEMISTRY,25.0
2026-01-09,District General Hospital - Matara,66313,ISE NA+/K+ SELECTIVITY CHECK- 2 X 25 ML,BIOCHEMISTRY,1.0
2026-01-09,District General Hospital - Matara,B64606,URINE CALIBRATOR,BIOCHEMISTRY,1.0
2026-01-09,Teaching Hospital - Karapitiya,26330089,GEM 3/3.5K BG/ISE/GL 300 TEST IQM PAK,BLOODGAS & ELECTROLYTE,5.0
2026-01-09,Teaching Hospital - Karapitiya,5508-IL,PRINTER PAPER,LOCAL-PURCHASE,2.0
2026-01-14,R.D.H.S - Monaragala,26307589,GEM 3/3.5K BG/ISE/GL075 TEST IQM PAK,BLOODGAS & ELECTROLYTE,1.0
2026-01-14,R.D.H.S - Monaragala,26315089,GEM 3/3.5K BG/ISE/GL150 TEST IQM PAK,BLOODGAS & ELECTROLYTE,1.0
2026-01-16,Teaching Hospital - Anuradhapura,66319,ISE MID STANDARD- 4 X 2000 ML,BIOCHEMISTRY,12.0
2026-01-16,Teaching Hospital - Anuradhapura,OSR6147,CRP- R1 4 X 14 ML- R2 4 X 6 ML,BIOCHEMISTRY,20.0
2026-01-14,Teaching Hospital - Anuradhapura,66039,CLEANING SOLUTION- 6 X 450 ML,BIOCHEMISTRY,1.0
2026-01-14,Teaching Hospital - Anuradhapura,OSR0001,WASH SOLUTION- 6 X 2 L,BIOCHEMISTRY,65.0
2026-01-14,Teaching Hospital - Anuradhapura,B38858,URINE CSF ALBUMIN,BIOCHEMISTRY,3.0
2026-01-14,Teaching Hospital - Anuradhapura,OSR6170,URINARY/CSF PROTEIN- R1 4X19 ML- CALIBRATOR 1X3 ML,BIOCHEMISTRY,3.0
2026-01-14,Teaching Hospital - Anuradhapura,00006799200,SAMPLE CUPS 0.5ML (1000/PK),COAGULATION,1.0
2026-01-14,Teaching Hospital - Anuradhapura,MU919700,REFERENCE ELECTRODE AU480 ANALYZER,BIOCHEMISTRY,3.0
2026-01-14,Teaching Hospital - Anuradhapura,MU919600,CL ELECTRODE AU480 ANALYZER,BIOCHEMISTRY,3.0
2026-01-14,Teaching Hospital - Anuradhapura,MU919400,NA ELECTRODE AU480 ANALYZER,BIOCHEMISTRY,3.0
2026-01-14,Teaching Hospital - Colombo North,26330089,GEM 3/3.5K BG/ISE/GL 300 TEST IQM PAK,BLOODGAS & ELECTROLYTE,6.0
2026-01-14,Teaching Hospital - Colombo North,5508-IL,PRINTER PAPER,LOCAL-PURCHASE,10.0
2026-01-06,Base Hospital - Kuliyapitiya,26315089,GEM 3/3.5K BG/ISE/GL150 TEST IQM PAK,BLOODGAS & ELECTROLYTE,10.0
2026-01-14,Teaching Hospital - Batticaloa,26315089,GEM 3/3.5K BG/ISE/GL150 TEST IQM PAK,BLOODGAS & ELECTROLYTE,12.0
2026-01-22,District General Hospital - Matara,8217000,HEPARIN CAPILLARIES (REF 105107) 2X100MM-100 PCS,BLOODGAS & ELECTROLYTE,4.0
2026-01-22,District General Hospital - Matara,5508-IL,PRINTER PAPER,LOCAL-PURCHASE,6.0
2026-01-22,District General Hospital - Matara,26330089,GEM 3/3.5K BG/ISE/GL 300 TEST IQM PAK,BLOODGAS & ELECTROLYTE,6.0
2026-01-20,Teaching Hospital - Peradeniya,33025,FERRITIN CALIBRATORS (S0-S5)- 1 SET,IMMUNOLOGY,1.0
2026-01-20,Teaching Hospital - Peradeniya,81901,REACTION/ALIQUOT VESSEL CARTRIDGES-1 BOX,IMMUNOLOGY,6.0
2026-01-20,Teaching Hospital - Peradeniya,A85264,TOTAL BETA-HCG- ACCESS®- 2 X 50 TESTS(33500),IMMUNOLOGY,4.0
2026-01-20,Teaching Hospital - Peradeniya,33545,ESTRADIOL CALIBRATORS (S0-S5)- 1 SET,IMMUNOLOGY,1.0
2026-01-20,Teaching Hospital - Peradeniya,00006799200,SAMPLE CUPS 0.5ML (1000/PK),COAGULATION,1.0
2026-01-20,Teaching Hospital - Peradeniya,81904,WASTE BAGS- ACCESS®- 1 BOX- 20 BAGS/BOX,IMMUNOLOGY,2.0
2026-01-20,Teaching Hospital - Peradeniya,37200,HYBRITECH® PSA- ACCESS®- 2 X 50 TESTS,IMMUNOLOGY,3.0
2026-01-20,Teaching Hospital - Peradeniya,A16792,WASH BUFFER II- ACCESS®- 4 BOTTLES- 1.9 L/BOTTLE,IMMUNOLOGY,10.0
2026-01-20,Teaching Hospital - Peradeniya,33560,TESTOSTERONE- ACCESS®- 2 X 50 TESTS,IMMUNOLOGY,3.0
2026-01-20,Teaching Hospital - Peradeniya,33530,PROLACTIN- ACCESS®- 2 X 50 TESTS,IMMUNOLOGY,2.0
2026-01-20,Teaching Hospital - Peradeniya,386358,OV MONITOR CALIBRATORS (S0-S5)- 1 SET,IMMUNOLOGY,1.0
2026-01-20,Teaching Hospital - Peradeniya,33540,ESTRADIOL- ACCESS®- 2 X 50 TESTS,IMMUNOLOGY,2.0
2026-01-20,Teaching Hospital - Peradeniya,33520,HFSH- ACCESS®- 2 X 50 TESTS,IMMUNOLOGY,3.0
2026-01-20,Teaching Hospital - Peradeniya,33510,HLH- ACCESS®- 2 X 50 TESTS,IMMUNOLOGY,3.0
2026-01-20,Teaching Hospital - Peradeniya,33885,FREE T4 CALIBRATORS (S0-S5)- 1 SET,IMMUNOLOGY,1.0
2026-01-20,Teaching Hospital - Peradeniya,B63285,ACCESS TSH (3RD IS) CALIBRATORS,IMMUNOLOGY,1.0
2026-01-20,Teaching Hospital - Peradeniya,A13430,FREE T3 CALIBRATORS (S0-S5)- ACCESS®- 1 SET,IMMUNOLOGY,1.0
2026-01-20,Teaching Hospital - Peradeniya,37205,HYBRITECH® PSA CALIBRATORS (S0-S5)- 1 SET,IMMUNOLOGY,1.0
2026-01-20,Teaching Hospital - Peradeniya,B11754,TOTAL BETA- HCG CALIBRATORS S0-S5,IMMUNOLOGY,1.0
2026-01-20,Teaching Hospital - Peradeniya,33020,FERRITIN- ACCESS®- 2 X 50 TESTS,IMMUNOLOGY,8.0
2026-01-20,Teaching Hospital - Peradeniya,B63284,ACCESS TSH (3RD IS) 2x100 DET,IMMUNOLOGY,20.0
2026-01-20,Teaching Hospital - Peradeniya,33565,TESTOSTERONE CALIBRATORS (S0-S5)- 1 SET,IMMUNOLOGY,1.0
2026-01-20,Teaching Hospital - Peradeniya,33880,FREE T4- ACCESS®- 2 X 50 TESTS,IMMUNOLOGY,8.0
2026-01-20,Teaching Hospital - Peradeniya,33515,HLH CALIBRATORS (S0-S5)- 1 SET,IMMUNOLOGY,1.0
2026-01-20,Teaching Hospital - Peradeniya,33525,HFSH CALIBRATORS (S0-S5)- 1 SET,IMMUNOLOGY,1.0
2026-01-20,Teaching Hospital - Peradeniya,A13422,FREE T3- ACCESS®- 2 X 50 TESTS,IMMUNOLOGY,2.0
2026-01-20,Teaching Hospital - Peradeniya,33605,CORTISOL CALIBRATORS,IMMUNOLOGY,1.0
2026-01-20,Teaching Hospital - Peradeniya,33550,PROGESTERONE- ACCESS®- 2 X 50 TESTS,IMMUNOLOGY,2.0
2026-01-20,Teaching Hospital - Peradeniya,33600,CORTISOL- ACCESS®- 2 X 50 TESTS,IMMUNOLOGY,3.0
2026-01-20,Teaching Hospital - Peradeniya,33555,PROGESTERONE CALIBRATORS (S0-S5)- 1 SET,IMMUNOLOGY,1.0
2026-01-20,Teaching Hospital - Peradeniya,386357,OV MONITOR 2X50 TESTS,IMMUNOLOGY,2.0
2026-01-15,Lady Ridgeway Hospital,20007400,APTT RGT SYNTHAFAX HEMOSIL,COAGULATION,5.0
2026-01-16,Jacobi Carbons Lanka (Pvt) Ltd,7800370,COULTER LS CONTROL G15,PARTICLE,2.0
2026-01-16,Jacobi Carbons Lanka (Pvt) Ltd,8304096,DETERGENT NEUTRAL,PARTICLE,2.0
2026-01-23,General Hospital (Teaching) Kandy,26315089,GEM 3/3.5K BG/ISE/GL150 TEST IQM PAK,BLOODGAS & ELECTROLYTE,12.0
2026-01-21,Base Hospital - Mahiyanganaya,26315089,GEM 3/3.5K BG/ISE/GL150 TEST IQM PAK,BLOODGAS & ELECTROLYTE,10.0
2026-01-22,Durdans Hospital,66314,ISE INTERNAL REFERENCE- 2 X 25 ML,BIOCHEMISTRY,2.0
2026-01-22,Durdans Hospital,66317,ISE LOW SERUM STANDARD- 4 X 100 ML,BIOCHEMISTRY,1.0
2026-01-22,Durdans Hospital,66316,ISE HIGH SERUM STANDARD- 4 X 100 ML,BIOCHEMISTRY,1.0
2026-01-22,Durdans Hospital,66313,ISE NA+/K+ SELECTIVITY CHECK- 2 X 25 ML,BIOCHEMISTRY,2.0
2026-01-23,Teaching Hospital - Karapitiya,26330089,GEM 3/3.5K BG/ISE/GL 300 TEST IQM PAK,BLOODGAS & ELECTROLYTE,20.0
2026-02-03,Lady Ridgeway Hospital,20300500,PROTEIN C HEMOSIL,COAGULATION,1.0
2026-02-03,Lady Ridgeway Hospital,20002700,FREE PROTEIN S 75 TESTS,IL-COAGULATION-REAGENT-CSD,1.0
2026-02-03,Lady Ridgeway Hospital,20006800,APTT RGT SYNTHASIL HEMOSIL,COAGULATION,3.0
2026-01-26,Base Hospital - Kanthalai,26330089,GEM 3/3.5K BG/ISE/GL 300 TEST IQM PAK,BLOODGAS & ELECTROLYTE,7.0
2026-01-26,Base Hospital - Kanthalai,5508-IL,PRINTER PAPER,LOCAL-PURCHASE,2.0
2026-01-26,District General Hospital - Matara,OSR6178,CREATININE- R1 4 X 51 ML- R2 4 X 51 ML,BIOCHEMISTRY,6.0
2026-02-02,National Hospital for Respiratory Diseases,5508-IL,PRINTER PAPER,LOCAL-PURCHASE,5.0
2026-02-02,National Hospital for Respiratory Diseases,26315089,GEM 3/3.5K BG/ISE/GL150 TEST IQM PAK,BLOODGAS & ELECTROLYTE,12.0
2026-01-28,De Soysa Hospital for Women,20301500,LAC SCREEN  10X2ML,COAGULATION,1.0
2026-01-28,De Soysa Hospital for Women,20301600,LAC CONFIRM  10x2ML,COAGULATION,1.0
2026-02-02,National Hospital of Sri Lanka,29400100,"CUVETTES (2400 CUVETTES-600 STRIPS,4CUVETTES/STRIP)",COAGULATION,20.0
2026-02-02,National Hospital of Sri Lanka,9757600,FACTOR DILUENT 100ML,COAGULATION,4.0
2026-02-02,National Hospital of Sri Lanka,9831700,CLEANING SOLUTION 500ML,COAGULATION,60.0
2026-02-02,National Hospital of Sri Lanka,0009832700,CRITICAL CARE/HEMOSIL CLEANING AGENT 80ML,COAGULATION,25.0
2026-01-29,De Soysa Hospital for Women,26330089,GEM 3/3.5K BG/ISE/GL 300 TEST IQM PAK,BLOODGAS & ELECTROLYTE,12.0
2026-01-29,De Soysa Hospital for Women,5508-IL,PRINTER PAPER,LOCAL-PURCHASE,10.0
2026-02-09,Base Hospital - Diyatalawa,26315089,GEM 3/3.5K BG/ISE/GL150 TEST IQM PAK,BLOODGAS & ELECTROLYTE,5.0
2026-01-20,Provincial General Hospital - Rathnapura,5508-IL,PRINTER PAPER,LOCAL-PURCHASE,3.0
2026-01-20,Provincial General Hospital - Rathnapura,26330089,GEM 3/3.5K BG/ISE/GL 300 TEST IQM PAK,BLOODGAS & ELECTROLYTE,12.0
2026-02-06,Base Hospital - Tangalle,26315089,GEM 3/3.5K BG/ISE/GL150 TEST IQM PAK,BLOODGAS & ELECTROLYTE,5.0
2026-02-05,General Hospital (Teaching) Jaffna,26330089,GEM 3/3.5K BG/ISE/GL 300 TEST IQM PAK,BLOODGAS & ELECTROLYTE,4.0
2025-12-26,General Hospital (Teaching) Kandy,26315089,GEM 3/3.5K BG/ISE/GL150 TEST IQM PAK,BLOODGAS & ELECTROLYTE,6.0
2026-02-06,Lady Ridgeway Hospital,00020011500,FACTOR V DEFCIENT PLASMA,COAGULATION,1.0
2026-02-06,Lady Ridgeway Hospital,20012200,FACTOR II DEFICIENT PLASMA HEMOSIL,COAGULATION,1.0
2026-02-06,Lady Ridgeway Hospital,00020011700,FACTOR VII DEFCIENT PLASMA,COAGULATION,1.0
2026-02-06,Lady Ridgeway Hospital,9758515,"THROMBIN TIME KIT 90-370 TEST(1X9ML,4X2,5,8 ML)",COAGULATION,1.0
2026-02-06,Lady Ridgeway Hospital,00020301100,FIBRINOGEN-CLAUSS KIT HEMOSIL 10X2ML,COAGULATION,1.0
2026-01-14,R.D.H.S - Monaragala,5508-IL,PRINTER PAPER,LOCAL-PURCHASE,1.0
2026-02-12,Base Hospital - Tellippalai,24001587,GEM CVP GEM 3K 4X5X2.5ML MULTIPACK,BLOODGAS & ELECTROLYTE,1.0
2026-02-12,Base Hospital - Tellippalai,26315089,GEM 3/3.5K BG/ISE/GL150 TEST IQM PAK,BLOODGAS & ELECTROLYTE,6.0
2026-02-10,National Hospital of Sri Lanka,OSR6128,LDH- R1 4 X 40 ML- R2 4 X 20 ML,BIOCHEMISTRY,1.0
2026-02-10,National Hospital of Sri Lanka,OSR6178,CREATININE- R1 4 X 51 ML- R2 4 X 51 ML,BIOCHEMISTRY,30.0
2026-02-10,National Hospital of Sri Lanka,OSR6170,URINARY/CSF PROTEIN- R1 4X19 ML- CALIBRATOR 1X3 ML,BIOCHEMISTRY,5.0
2026-02-09,Teaching Hospital - Karapitiya,5508-IL,PRINTER PAPER,LOCAL-PURCHASE,3.0
2026-02-09,Teaching Hospital - Karapitiya,26315089,GEM 3/3.5K BG/ISE/GL150 TEST IQM PAK,BLOODGAS & ELECTROLYTE,6.0
2026-02-09,Teaching Hospital - Karapitiya,26315089,GEM 3/3.5K BG/ISE/GL150 TEST IQM PAK,BLOODGAS & ELECTROLYTE,10.0
2026-02-16,Teaching Hospital - Anuradhapura,5508-IL,PRINTER PAPER,LOCAL-PURCHASE,5.0
2026-02-16,Teaching Hospital - Anuradhapura,26315089,GEM 3/3.5K BG/ISE/GL150 TEST IQM PAK,BLOODGAS & ELECTROLYTE,10.0
2026-02-10,General Hospital (Teaching) Jaffna,26315089,GEM 3/3.5K BG/ISE/GL150 TEST IQM PAK,BLOODGAS & ELECTROLYTE,4.0
2026-02-11,National Hospital of Sri Lanka,26330089,GEM 3/3.5K BG/ISE/GL 300 TEST IQM PAK,BLOODGAS & ELECTROLYTE,10.0
2026-02-11,National Hospital of Sri Lanka,5508-IL,PRINTER PAPER,LOCAL-PURCHASE,3.0
2026-02-12,Dr. Neville Fernando Teaching Hospital (NFTH),OSR6234,UREA- R1 4 X 53 ML- R2 4 X 53 ML,BIOCHEMISTRY,1.0
2026-02-12,Dr. Neville Fernando Teaching Hospital (NFTH),66300,SYSTEM CALIBRATOR- 20 X 5 ML,BIOCHEMISTRY,0.5
2026-02-17,Lady Ridgeway Hospital,5508-IL,PRINTER PAPER,LOCAL-PURCHASE,2.0
2026-02-17,Lady Ridgeway Hospital,26330089,GEM 3/3.5K BG/ISE/GL 300 TEST IQM PAK,BLOODGAS & ELECTROLYTE,2.0
2026-02-18,District General Hospital - Nuwara-Eliya,MU919700,REFERENCE ELECTRODE AU480 ANALYZER,BIOCHEMISTRY,1.0
2026-02-18,District General Hospital - Nuwara-Eliya,MU919500,K ELECTRODE AU480 ANALYZER,BIOCHEMISTRY,1.0
2026-02-18,District General Hospital - Nuwara-Eliya,MU919400,NA ELECTRODE AU480 ANALYZER,BIOCHEMISTRY,1.0
2026-02-20,Base Hospital - Diyatalawa,8217000,HEPARIN CAPILLARIES (REF 105107) 2X100MM-100 PCS,BLOODGAS & ELECTROLYTE,1.0
2026-02-10,Base Hospital - Point Pedro,OSR6109,AST (ASPARTATE AMINOTRANSFERASE) REAGENT R1 4X25ML/R2 4X25ML,BIOCHEMISTRY,3.0
2026-02-10,Base Hospital - Point Pedro,OSR6132,TP (TOTAL PROTEIN) REAGENT- 4 X 25 ML & 4 X 25 ML,BIOCHEMISTRY,1.0
2026-02-10,Base Hospital - Point Pedro,OSR6147,CRP- R1 4 X 14 ML- R2 4 X 6 ML,BIOCHEMISTRY,3.0
2026-02-10,Base Hospital - Point Pedro,OSR6178,CREATININE- R1 4 X 51 ML- R2 4 X 51 ML,BIOCHEMISTRY,4.0
2026-02-10,Base Hospital - Point Pedro,OSR6121,GLUCOSE R1 4X25ML R2 4X12.5ML,BIOCHEMISTRY,3.0
2026-02-10,Base Hospital - Point Pedro,OSR6187,HDL-CHOLESTEROL- R1 4X27 ML- R2 4X9 ML,BIOCHEMISTRY,2.0
2026-02-10,Base Hospital - Point Pedro,OSR6211,DIRECT BILIRUBIN- R1 4X20 ML- R2 4X20 ML,BIOCHEMISTRY,1.0
2026-02-10,Base Hospital - Point Pedro,OSR61118,TRIG (TRIGLYCERIDES) REAGENT R1 4X50 ML R2 4X12.5ML,BIOCHEMISTRY,2.0
2026-02-10,Base Hospital - Point Pedro,OSR6134,UREA- R1 4 X 25 ML- R2 4 X 25 ML,BIOCHEMISTRY,1.0
2026-02-10,Base Hospital - Point Pedro,OSR6104,ALP (ALKALINE PHOSPHATASE) REAGENT,BIOCHEMISTRY,1.0
2026-02-10,Base Hospital - Point Pedro,OSR6102,ALB (ALBUMIN) REAGENT- 4 X 29 ML,BIOCHEMISTRY,1.0
2026-02-10,Base Hospital - Point Pedro,OSR6107,ALT (ALANINE AMINOTRANSFERASE) IFCC REAGENT,BIOCHEMISTRY,3.0
2026-02-10,Base Hospital - Point Pedro,ODC0003,CONTROL SERUM 1- 20 X 5 ML,BIOCHEMISTRY,1.0
2026-02-10,Base Hospital - Point Pedro,81901,REACTION/ALIQUOT VESSEL CARTRIDGES-1 BOX,IMMUNOLOGY,4.0
2026-02-10,Base Hospital - Point Pedro,A16792,WASH BUFFER II- ACCESS®- 4 BOTTLES- 1.9 L/BOTTLE,IMMUNOLOGY,3.0
2026-02-10,Base Hospital - Point Pedro,33880,FREE T4- ACCESS®- 2 X 50 TESTS,IMMUNOLOGY,3.0
2026-02-17,Castle Street Hospital for Women,5508-IL,PRINTER PAPER,LOCAL-PURCHASE,5.0
2026-02-19,Lady Ridgeway Hospital,26315089,GEM 3/3.5K BG/ISE/GL150 TEST IQM PAK,BLOODGAS & ELECTROLYTE,4.0
2026-02-19,Lady Ridgeway Hospital,5508-IL,PRINTER PAPER,LOCAL-PURCHASE,4.0
2026-02-25,Base Hospital - Balapitiya,5508-IL,PRINTER PAPER,LOCAL-PURCHASE,10.0
2026-02-28,General Sir John Kotalawala Defence Academy,26315089,GEM 3/3.5K BG/ISE/GL150 TEST IQM PAK,BLOODGAS & ELECTROLYTE,6.0
2026-02-23,Kethumathi Maternity Hospital,8217000,HEPARIN CAPILLARIES (REF 105107) 2X100MM-100 PCS,BLOODGAS & ELECTROLYTE,3.0
2026-02-25,General Hospital - Kalutara,26330089,GEM 3/3.5K BG/ISE/GL 300 TEST IQM PAK,BLOODGAS & ELECTROLYTE,6.0
2026-02-24,District General Hospital - Matara,ODC0016,ITA CONTROL SERUM 3- 6 X 2 ML,BIOCHEMISTRY,1.0
2026-02-24,District General Hospital - Matara,ODC0015,ITA CONTROL SERUM 2- 6 X 2 ML,BIOCHEMISTRY,1.0
2026-02-24,District General Hospital - Matara,OSR6189,MAGNESIUM- R1 4 X 40 ML,BIOCHEMISTRY,2.0
2026-02-24,District General Hospital - Matara,OSR61118,TRIG (TRIGLYCERIDES) REAGENT R1 4X50 ML R2 4X12.5ML,BIOCHEMISTRY,2.0
2026-02-24,District General Hospital - Matara,OSR6187,HDL-CHOLESTEROL- R1 4X27 ML- R2 4X9 ML,BIOCHEMISTRY,6.0
2026-02-24,District General Hospital - Matara,OSR6104,ALP (ALKALINE PHOSPHATASE) REAGENT,BIOCHEMISTRY,1.0
2026-02-24,District General Hospital - Matara,OSR6211,DIRECT BILIRUBIN- R1 4X20 ML- R2 4X20 ML,BIOCHEMISTRY,1.0
2026-02-24,District General Hospital - Matara,B38858,URINE CSF ALBUMIN,BIOCHEMISTRY,6.0
2026-02-24,District General Hospital - Matara,OSR6020,GGT- R1 4 X 18 ML- R2 4 X 18 ML,BIOCHEMISTRY,2.0
2026-02-24,District General Hospital - Matara,OSR6234,UREA- R1 4 X 53 ML- R2 4 X 53 ML,BIOCHEMISTRY,3.0
2026-02-24,District General Hospital - Matara,OSR6102,ALB (ALBUMIN) REAGENT- 4 X 29 ML,BIOCHEMISTRY,2.0
2026-02-24,District General Hospital - Matara,OSR6147,CRP- R1 4 X 14 ML- R2 4 X 6 ML,BIOCHEMISTRY,25.0
2026-02-24,District General Hospital - Matara,OSR61105,RF LATEX- R1 4 X 24 ML- R2 4 X 8 ML,BIOCHEMISTRY,1.0
2026-02-24,District General Hospital - Matara,OSR6178,CREATININE- R1 4 X 51 ML- R2 4 X 51 ML,BIOCHEMISTRY,12.0
2026-03-09,Base Hospital - Point Pedro,81906,SUBSTRATE- ACCESS®- 4 BOTTLES- 130 ML/BOTTLE,IMMUNOLOGY,2.0
2026-03-09,Base Hospital - Point Pedro,B63284,ACCESS TSH (3RD IS) 2x100 DET,IMMUNOLOGY,4.0
2026-02-12,Sirimavo Bandaranayake Children Hospital,00006799200,SAMPLE CUPS 0.5ML (1000/PK),COAGULATION,1.0
2026-02-12,Sirimavo Bandaranayake Children Hospital,81910,SYSTEM CHECK SOLUTION,IMMUNOLOGY,1.0
2026-02-12,Sirimavo Bandaranayake Children Hospital,81904,WASTE BAGS- ACCESS®- 1 BOX- 20 BAGS/BOX,IMMUNOLOGY,2.0
2026-02-12,Sirimavo Bandaranayake Children Hospital,A16792,WASH BUFFER II- ACCESS®- 4 BOTTLES- 1.9 L/BOTTLE,IMMUNOLOGY,8.0
2026-02-12,Sirimavo Bandaranayake Children Hospital,81901,REACTION/ALIQUOT VESSEL CARTRIDGES-1 BOX,IMMUNOLOGY,4.0
2026-02-12,Sirimavo Bandaranayake Children Hospital,81906,SUBSTRATE- ACCESS®- 4 BOTTLES- 130 ML/BOTTLE,IMMUNOLOGY,3.0
2026-02-12,Sirimavo Bandaranayake Children Hospital,370,"Immunoassay Plus Control (Lyphochek), Trilevel – 12 x 5ml",BIOCHEMISTRY,1.0
2026-02-12,Sirimavo Bandaranayake Children Hospital,33025,FERRITIN CALIBRATORS (S0-S5)- 1 SET,IMMUNOLOGY,1.0
2026-02-12,Sirimavo Bandaranayake Children Hospital,33605,CORTISOL CALIBRATORS,IMMUNOLOGY,1.0
2026-02-12,Sirimavo Bandaranayake Children Hospital,33885,FREE T4 CALIBRATORS (S0-S5)- 1 SET,IMMUNOLOGY,1.0
2026-02-12,Sirimavo Bandaranayake Children Hospital,B63285,ACCESS TSH (3RD IS) CALIBRATORS,IMMUNOLOGY,1.0
2026-02-12,Sirimavo Bandaranayake Children Hospital,33600,CORTISOL- ACCESS®- 2 X 50 TESTS,IMMUNOLOGY,1.0
2026-02-12,Sirimavo Bandaranayake Children Hospital,B63284,ACCESS TSH (3RD IS) 2x100 DET,IMMUNOLOGY,3.0
2026-02-12,Sirimavo Bandaranayake Children Hospital,33020,FERRITIN- ACCESS®- 2 X 50 TESTS,IMMUNOLOGY,1.0
2026-02-12,Sirimavo Bandaranayake Children Hospital,33880,FREE T4- ACCESS®- 2 X 50 TESTS,IMMUNOLOGY,2.0
2026-02-20,Teaching Hospital - Peradeniya,ODR3021,SERUM PROTEIN MULTI CALIBRATOR (LEVEL 1-6) 1X2 ML,BIOCHEMISTRY,1.0
2026-02-20,Teaching Hospital - Peradeniya,OSR6107,ALT (ALANINE AMINOTRANSFERASE) IFCC REAGENT,BIOCHEMISTRY,2.0
2026-02-20,Teaching Hospital - Peradeniya,ODC0015,ITA CONTROL SERUM 2- 6 X 2 ML,BIOCHEMISTRY,1.0
2026-02-20,Teaching Hospital - Peradeniya,ODC0016,ITA CONTROL SERUM 3- 6 X 2 ML,BIOCHEMISTRY,1.0
2026-02-20,Teaching Hospital - Peradeniya,66320,ISE BUFFER- 4 X 2000 ML,BIOCHEMISTRY,1.0
2026-02-20,Teaching Hospital - Peradeniya,OSR6112,TBIL (TOTAL BILIRUBIN) REAGENT,BIOCHEMISTRY,1.0
2026-02-20,Teaching Hospital - Peradeniya,OSR6132,TP (TOTAL PROTEIN) REAGENT- 4 X 25 ML & 4 X 25 ML,BIOCHEMISTRY,1.0
2026-02-20,Teaching Hospital - Peradeniya,66316,ISE HIGH SERUM STANDARD- 4 X 100 ML,BIOCHEMISTRY,1.0
2026-02-20,Teaching Hospital - Peradeniya,66317,ISE LOW SERUM STANDARD- 4 X 100 ML,BIOCHEMISTRY,1.0
2026-02-20,Teaching Hospital - Peradeniya,OSR60118,TRIG (TRIGLYCERIDES) REAGENT- 4 X 20 ML & 4 X 5 ML,BIOCHEMISTRY,3.0
2026-02-20,Teaching Hospital - Peradeniya,OSR0001,WASH SOLUTION- 6 X 2 L,BIOCHEMISTRY,1.0
2026-02-20,Teaching Hospital - Peradeniya,OSR60117,CALCIUM ARSENAZO- R1 4 X 15 ML,BIOCHEMISTRY,1.0
2026-02-20,Teaching Hospital - Peradeniya,OSR6102,ALB (ALBUMIN) REAGENT- 4 X 29 ML,BIOCHEMISTRY,2.0
2026-02-20,Teaching Hospital - Peradeniya,66319,ISE MID STANDARD- 4 X 2000 ML,BIOCHEMISTRY,1.0
2026-02-20,Teaching Hospital - Peradeniya,OSR61204,CREATININE (ENZYMATIC) R1 4X45ML R2 4X15ML,BIOCHEMISTRY,6.0
2026-02-20,Teaching Hospital - Peradeniya,OSR6287,HDL-CHOLESTEROL R14X51.3 R2 4X17.1 ML,BIOCHEMISTRY,3.0
2026-02-20,Teaching Hospital - Peradeniya,OSR6193,LACTATE- R1 4 X 10 ML- 4 X LYO,BIOCHEMISTRY,1.0
2026-02-20,Teaching Hospital - Peradeniya,OSR61205,UIBC,BIOCHEMISTRY,1.0
2026-02-20,Teaching Hospital - Peradeniya,OSR6147,CRP- R1 4 X 14 ML- R2 4 X 6 ML,BIOCHEMISTRY,8.0
2026-02-20,Teaching Hospital - Peradeniya,OSR6104,ALP (ALKALINE PHOSPHATASE) REAGENT,BIOCHEMISTRY,1.0
2026-02-26,Castle Street Hospital for Women,26315089,GEM 3/3.5K BG/ISE/GL150 TEST IQM PAK,BLOODGAS & ELECTROLYTE,6.0
2026-03-03,General Hospital - Kalutara,5508-IL,PRINTER PAPER,LOCAL-PURCHASE,3.0
2026-03-03,General Hospital - Kalutara,26315089,GEM 3/3.5K BG/ISE/GL150 TEST IQM PAK,BLOODGAS & ELECTROLYTE,4.0
2026-03-03,Dr. Neville Fernando Teaching Hospital (NFTH),OSR0001,WASH SOLUTION- 6 X 2 L,BIOCHEMISTRY,1.0
2026-03-03,Dr. Neville Fernando Teaching Hospital (NFTH),OSR6234,UREA- R1 4 X 53 ML- R2 4 X 53 ML,BIOCHEMISTRY,1.0
2026-03-03,Dr. Neville Fernando Teaching Hospital (NFTH),OSR6170,URINARY/CSF PROTEIN- R1 4X19 ML- CALIBRATOR 1X3 ML,BIOCHEMISTRY,1.0
2026-03-05,Castle Street Hospital for Women,8217000,HEPARIN CAPILLARIES (REF 105107) 2X100MM-100 PCS,BLOODGAS & ELECTROLYTE,6.0
2026-03-05,Teaching Hospital - Peradeniya,26330089,GEM 3/3.5K BG/ISE/GL 300 TEST IQM PAK,BLOODGAS & ELECTROLYTE,30.0
2026-03-17,General Hospital (Teaching) Kandy,26330089,GEM 3/3.5K BG/ISE/GL 300 TEST IQM PAK,BLOODGAS & ELECTROLYTE,12.0
2026-03-10,District General Hospital - Vavuniya,26315089,GEM 3/3.5K BG/ISE/GL150 TEST IQM PAK,BLOODGAS & ELECTROLYTE,12.0
2026-01-22,Base Hospital - Avissawella,5508-IL,PRINTER PAPER,LOCAL-PURCHASE,5.0
2026-03-16,Base Hospital - Akkaraipattu,26330089,GEM 3/3.5K BG/ISE/GL 300 TEST IQM PAK,BLOODGAS & ELECTROLYTE,4.0
2026-03-16,Base Hospital - Akkaraipattu,5508-IL,PRINTER PAPER,LOCAL-PURCHASE,3.0
2026-03-16,Teaching Hospital - Anuradhapura,81902,SAMPLE CUPS- 2.0 ML/13 MM- 1 BAG,IMMUNOLOGY,1.0
2026-03-16,General Hospital - Kalutara,26330089,GEM 3/3.5K BG/ISE/GL 300 TEST IQM PAK,BLOODGAS & ELECTROLYTE,6.0
2026-03-19,Base Hospital - Dambulla,26330089,GEM 3/3.5K BG/ISE/GL 300 TEST IQM PAK,BLOODGAS & ELECTROLYTE,2.0
2026-03-19,District General Hospital - Monaragala,OSR61118,TRIG (TRIGLYCERIDES) REAGENT R1 4X50 ML R2 4X12.5ML,BIOCHEMISTRY,3.0
2026-03-19,District General Hospital - Monaragala,OSR6287,HDL-CHOLESTEROL R14X51.3 R2 4X17.1 ML,BIOCHEMISTRY,8.0
2026-03-19,District General Hospital - Monaragala,OSR6147,CRP- R1 4 X 14 ML- R2 4 X 6 ML,BIOCHEMISTRY,35.0
2026-03-19,District General Hospital - Monaragala,ODC0003,CONTROL SERUM 1- 20 X 5 ML,BIOCHEMISTRY,2.0
2026-03-19,District General Hospital - Monaragala,ODC0004,CONTROL SERUM 2- 20 X 5 ML,BIOCHEMISTRY,2.0
2026-03-19,District General Hospital - Monaragala,66300,SYSTEM CALIBRATOR- 20 X 5 ML,BIOCHEMISTRY,1.0
2026-03-19,District General Hospital - Monaragala,OSR0001,WASH SOLUTION- 6 X 2 L,BIOCHEMISTRY,3.0
2026-03-19,District General Hospital - Monaragala,ODC0005,HDL/LDL CHOLESTEROL CONTROL SERUM,BIOCHEMISTRY,3.0
2026-03-19,District General Hospital - Monaragala,ODC0011,HDL-CHOLESTEROL CALIBRATOR- 2 X 3 ML,BIOCHEMISTRY,2.0
2026-03-19,District General Hospital - Monaragala,ODC0014,ITA CONTROL SERUM 1- 6 X 2 ML,BIOCHEMISTRY,2.0
2026-03-19,District General Hospital - Monaragala,ODC0016,ITA CONTROL SERUM 3- 6 X 2 ML,BIOCHEMISTRY,2.0
2026-03-19,District General Hospital - Monaragala,ODR3021,SERUM PROTEIN MULTI CALIBRATOR (LEVEL 1-6) 1X2 ML,BIOCHEMISTRY,2.0
2026-03-19,District General Hospital - Monaragala,OSR6234,UREA- R1 4 X 53 ML- R2 4 X 53 ML,BIOCHEMISTRY,3.0
2026-03-19,District General Hospital - Monaragala,OSR6221,GLUCOSE- R1 4 X 53 ML- R2 4 X 27 ML,BIOCHEMISTRY,6.0
2026-03-19,District General Hospital - Monaragala,OSR6178,CREATININE- R1 4 X 51 ML- R2 4 X 51 ML,BIOCHEMISTRY,12.0
2026-03-19,District General Hospital - Monaragala,OSR6106,AMYLASE REAGENT- 4 X 40 ML,BIOCHEMISTRY,2.0
2026-03-19,District General Hospital - Monaragala,OSR6232,TP (TOTAL PROTEIN) REAGENT- 4 X 48 ML & 4 X 48 ML,BIOCHEMISTRY,2.0
2026-03-19,District General Hospital - Monaragala,OSR6209,AST (ASPARTATE AMINOTRANSFERASE) REAGENT(R1 4X50ML R2 4X50ML),BIOCHEMISTRY,3.0
2026-03-19,District General Hospital - Monaragala,OSR6107,ALT (ALANINE AMINOTRANSFERASE) IFCC REAGENT,BIOCHEMISTRY,8.0
2026-03-19,District General Hospital - Monaragala,OSR6204,ALP (ALKALINE PHOSPHATASE) REAGENT,BIOCHEMISTRY,2.0
2026-03-19,District General Hospital - Monaragala,OSR6298,URICK ACID REAGENT,BIOCHEMISTRY,2.0
2026-03-19,District General Hospital - Monaragala,OSR6212,TBIL (TOTAL BILIRUBIN) REA- 4 X 40 ML & 4 X 40 ML,BIOCHEMISTRY,2.0
2026-03-19,District General Hospital - Monaragala,OSR6211,DIRECT BILIRUBIN- R1 4X20 ML- R2 4X20 ML,BIOCHEMISTRY,4.0
2026-03-19,District General Hospital - Monaragala,OSR61117,CALCIUM ARSENAZO- R1 4 X 29 ML,BIOCHEMISTRY,3.0
2026-03-19,District General Hospital - Monaragala,OSR6202,ALB(ALBUMIN)REAGENT 4X54ML,BIOCHEMISTRY,4.0
2026-03-19,District General Hospital - Monaragala,OSR6222,INORGANIC PHOSPHOROUS- R1 4X40 ML- R2 4X40 ML,BIOCHEMISTRY,2.0
2026-03-19,District General Hospital - Monaragala,OSR6120,"GGT R1 4x40 ML,R2 4x40 ML",BIOCHEMISTRY,3.0
2026-03-19,District General Hospital - Monaragala,OSR6216,CHOLESTEROL 4X45 ML R1,BIOCHEMISTRY,2.0
2026-03-26,District General Hospital - Monaragala,26315089,GEM 3/3.5K BG/ISE/GL150 TEST IQM PAK,BLOODGAS & ELECTROLYTE,10.0
2026-03-26,District General Hospital - Monaragala,26330089,GEM 3/3.5K BG/ISE/GL 300 TEST IQM PAK,BLOODGAS & ELECTROLYTE,10.0
2026-04-02,Base Hospital - Point Pedro,OSR6147,CRP- R1 4 X 14 ML- R2 4 X 6 ML,BIOCHEMISTRY,4.0
2026-04-02,Base Hospital - Point Pedro,A16792,WASH BUFFER II- ACCESS®- 4 BOTTLES- 1.9 L/BOTTLE,IMMUNOLOGY,6.0
2026-04-02,Base Hospital - Point Pedro,B63284,ACCESS TSH (3RD IS) 2x100 DET,IMMUNOLOGY,4.0
2026-03-20,Durdans Hospital,66319,ISE MID STANDARD- 4 X 2000 ML,BIOCHEMISTRY,1.0
